slno,fname,lname,email,phoneNo
1,Theodore,Vazquez,Theodore.Vazquez@amazon.com,(781) 946-2985
2,Kiley,Aguilar,Kiley.Aguilar@amazon.com,(447) 458-7796
3,Kamora,Caldwell,Kamora.Caldwell@amazon.com,(815) 544-9009
4,Lisa,Farley,Lisa.Farley@amazon.com,(468) 252-9191
5,Korbin,Zavala,Korbin.Zavala@amazon.com,(276) 704-6687
6,Eliana,Deleon,Eliana.Deleon@amazon.com,(245) 427-5480
7,Kason,Edwards,Kason.Edwards@amazon.com,(819) 774-2671
8,Harmony,Valdez,Harmony.Valdez@amazon.com,(345) 639-4461
9,Alyson,Holder,Alyson.Holder@amazon.com,(987) 821-2441
10,Noelle,York,Noelle.York@amazon.com,(725) 533-2838
11,Shane,Booker,Shane.Booker@amazon.com,(820) 770-4575
12,Raina,Valentine,Raina.Valentine@amazon.com,(800) 386-1616
13,Tyson,Austin,Tyson.Austin@amazon.com,(289) 610-2475
14,Brooks,Norton,Brooks.Norton@amazon.com,(620) 343-3055
15,Sawyer,Pruitt,Sawyer.Pruitt@amazon.com,(505) 730-0715
16,Martha,Stanley,Martha.Stanley@amazon.com,(872) 544-3150
17,Van,Villanueva,Van.Villanueva@amazon.com,(593) 933-5049
18,Emily,Murray,Emily.Murray@amazon.com,(211) 571-4625
19,Duncan,Mckee,Duncan.Mckee@amazon.com,(466) 322-8717
20,Francis,Mathews,Francis.Mathews@amazon.com,(282) 538-2784
21,Nina,Hayden,Nina.Hayden@amazon.com,(430) 850-0741
22,Jamir,Terrell,Jamir.Terrell@amazon.com,(251) 465-2768
23,Lane,Powell,Lane.Powell@amazon.com,(382) 792-6993
24,Leyla,French,Leyla.French@amazon.com,(904) 384-3155
25,Aaden,Petersen,Aaden.Petersen@amazon.com,(399) 626-7614
26,Ari,Perkins,Ari.Perkins@amazon.com,(323) 792-5897
27,Rashad,Schneider,Rashad.Schneider@amazon.com,(693) 524-3761
28,Veronica,Mcneil,Veronica.Mcneil@amazon.com,(690) 806-3616
29,Amina,Montgomery,Amina.Montgomery@amazon.com,(259) 353-6491
30,Memphis,Conley,Memphis.Conley@amazon.com,(326) 430-8751
31,Silas,Sawyer,Silas.Sawyer@amazon.com,(396) 336-3879
32,Dominik,Riggs,Dominik.Riggs@amazon.com,(801) 778-0200
33,Cali,Morris,Cali.Morris@amazon.com,(848) 683-4678
34,Tristian,Pollard,Tristian.Pollard@amazon.com,(576) 309-5128
35,Aidyn,Moore,Aidyn.Moore@amazon.com,(884) 846-2003
36,Jaidyn,Hughes,Jaidyn.Hughes@amazon.com,(317) 336-8816
37,Davion,Higgins,Davion.Higgins@amazon.com,(999) 217-0149
38,Morgan,Stanton,Morgan.Stanton@amazon.com,(466) 914-2274
39,Abbigail,Rosario,Abbigail.Rosario@amazon.com,(673) 955-0168
40,Reese,Montgomery,Reese.Montgomery@amazon.com,(632) 502-6571
41,Elyse,Terry,Elyse.Terry@amazon.com,(415) 474-6088
42,Billy,Lopez,Billy.Lopez@amazon.com,(679) 309-9844
43,Dakota,Carpenter,Dakota.Carpenter@amazon.com,(297) 764-4953
44,Courtney,Haney,Courtney.Haney@amazon.com,(222) 730-1312
45,Killian,Fields,Killian.Fields@amazon.com,(648) 410-5930
46,Brendan,Miles,Brendan.Miles@amazon.com,(694) 469-8807
47,Soren,Stuart,Soren.Stuart@amazon.com,(386) 817-6170
48,Kylee,Vaughan,Kylee.Vaughan@amazon.com,(503) 571-0153
49,Alexandra,Benton,Alexandra.Benton@amazon.com,(591) 316-2154
50,Micheal,Roy,Micheal.Roy@amazon.com,(939) 798-5957
51,Adrienne,Pittman,Adrienne.Pittman@amazon.com,(469) 975-3710
52,Mara,Pennington,Mara.Pennington@amazon.com,(904) 846-1992
53,Darwin,Mayo,Darwin.Mayo@amazon.com,(982) 727-0196
54,Mya,Johnston,Mya.Johnston@amazon.com,(208) 694-4529
55,Gaven,Mccormick,Gaven.Mccormick@amazon.com,(512) 355-1299
56,Presley,Morrison,Presley.Morrison@amazon.com,(251) 450-2138
57,Amber,Bass,Amber.Bass@amazon.com,(510) 539-9398
58,Giselle,Atkinson,Giselle.Atkinson@amazon.com,(489) 681-4239
59,Quentin,Wilkins,Quentin.Wilkins@amazon.com,(501) 717-6827
60,Halle,Harvey,Halle.Harvey@amazon.com,(346) 208-1293
61,Kara,Simon,Kara.Simon@amazon.com,(498) 764-1604
62,Lea,Woodward,Lea.Woodward@amazon.com,(931) 499-7384
63,Cristian,Lam,Cristian.Lam@amazon.com,(316) 416-1600
64,Emmett,Nolan,Emmett.Nolan@amazon.com,(774) 679-1759
65,Javion,Woodard,Javion.Woodard@amazon.com,(626) 607-8708
66,Gunner,Malone,Gunner.Malone@amazon.com,(211) 256-3214
67,Destiney,Montes,Destiney.Montes@amazon.com,(223) 874-3412
68,Augustus,Lambert,Augustus.Lambert@amazon.com,(459) 200-5338
69,Sam,Medina,Sam.Medina@amazon.com,(869) 536-3643
70,Janiah,Haynes,Janiah.Haynes@amazon.com,(637) 778-9951
71,Jovany,Blair,Jovany.Blair@amazon.com,(805) 391-3582
72,Dominique,Thompson,Dominique.Thompson@amazon.com,(528) 977-2061
73,Jorden,Lynch,Jorden.Lynch@amazon.com,(450) 452-2642
74,Brylee,Hess,Brylee.Hess@amazon.com,(667) 550-3642
75,Aden,Bishop,Aden.Bishop@amazon.com,(224) 713-0786
76,Shirley,Cuevas,Shirley.Cuevas@amazon.com,(399) 375-4281
77,Lila,Baxter,Lila.Baxter@amazon.com,(413) 679-6862
78,Jovani,Harrison,Jovani.Harrison@amazon.com,(257) 431-8263
79,Kasen,Benson,Kasen.Benson@amazon.com,(274) 423-5309
80,Kelly,Porter,Kelly.Porter@amazon.com,(608) 865-6389
81,Janet,Davidson,Janet.Davidson@amazon.com,(750) 742-7678
82,Kash,Odonnell,Kash.Odonnell@amazon.com,(468) 274-1542
83,Anya,Atkinson,Anya.Atkinson@amazon.com,(711) 266-0885
84,Peyton,Mayo,Peyton.Mayo@amazon.com,(656) 381-9530
85,Zack,Peters,Zack.Peters@amazon.com,(605) 324-9466
86,Aliya,Hinton,Aliya.Hinton@amazon.com,(708) 388-9530
87,Casey,Hammond,Casey.Hammond@amazon.com,(809) 217-6612
88,Moriah,Dunlap,Moriah.Dunlap@amazon.com,(368) 316-5912
89,Evelyn,Sanders,Evelyn.Sanders@amazon.com,(265) 644-1293
90,Micah,Cohen,Micah.Cohen@amazon.com,(275) 575-8807
91,Moses,Salas,Moses.Salas@amazon.com,(970) 902-1265
92,Kolten,Eaton,Kolten.Eaton@amazon.com,(223) 711-7559
93,Anahi,Quinn,Anahi.Quinn@amazon.com,(551) 478-3826
94,Alissa,Figueroa,Alissa.Figueroa@amazon.com,(998) 630-5793
95,Abigayle,Saunders,Abigayle.Saunders@amazon.com,(525) 947-3311
96,Raiden,Keller,Raiden.Keller@amazon.com,(213) 974-5223
97,Chace,Moody,Chace.Moody@amazon.com,(524) 535-6685
98,Neveah,Villarreal,Neveah.Villarreal@amazon.com,(609) 902-1955
99,Viviana,Barr,Viviana.Barr@amazon.com,(256) 941-5752
100,Russell,Bradley,Russell.Bradley@amazon.com,(956) 389-8149
101,Fatima,Ingram,Fatima.Ingram@amazon.com,(483) 888-7020
102,Mckinley,Baldwin,Mckinley.Baldwin@amazon.com,(324) 505-2018
103,Eric,Blake,Eric.Blake@amazon.com,(437) 612-8600
104,Kaylee,Andrews,Kaylee.Andrews@amazon.com,(735) 690-4919
105,Kali,Massey,Kali.Massey@amazon.com,(546) 470-1185
106,Marlee,Houston,Marlee.Houston@amazon.com,(635) 556-9442
107,Baron,Cisneros,Baron.Cisneros@amazon.com,(968) 989-3455
108,Jaida,Mullins,Jaida.Mullins@amazon.com,(519) 940-8940
109,Ramon,Sexton,Ramon.Sexton@amazon.com,(218) 905-4292
110,Ellis,Martinez,Ellis.Martinez@amazon.com,(223) 680-1674
111,Houston,Benson,Houston.Benson@amazon.com,(562) 509-8929
112,Bryanna,Beasley,Bryanna.Beasley@amazon.com,(655) 667-4074
113,Macy,Melendez,Macy.Melendez@amazon.com,(982) 445-4234
114,Sage,Manning,Sage.Manning@amazon.com,(955) 470-5653
115,Paulina,Moyer,Paulina.Moyer@amazon.com,(855) 362-4716
116,Roy,York,Roy.York@amazon.com,(846) 712-9599
117,Helen,Bryan,Helen.Bryan@amazon.com,(620) 419-8369
118,Madeline,Roman,Madeline.Roman@amazon.com,(595) 513-8070
119,Leonidas,Lucero,Leonidas.Lucero@amazon.com,(880) 299-2580
120,Adrienne,Mcgrath,Adrienne.Mcgrath@amazon.com,(830) 798-3416
121,Kaylen,Figueroa,Kaylen.Figueroa@amazon.com,(616) 784-8916
122,Warren,Solis,Warren.Solis@amazon.com,(438) 899-5205
123,Brenden,Good,Brenden.Good@amazon.com,(420) 429-3339
124,Jon,Perez,Jon.Perez@amazon.com,(514) 240-6196
125,Nia,Cox,Nia.Cox@amazon.com,(223) 567-8112
126,Aryana,Ellis,Aryana.Ellis@amazon.com,(249) 584-1964
127,Braxton,Hanna,Braxton.Hanna@amazon.com,(952) 596-0701
128,Randall,Lang,Randall.Lang@amazon.com,(431) 452-0580
129,Cindy,Luna,Cindy.Luna@amazon.com,(412) 874-6874
130,Moshe,Castaneda,Moshe.Castaneda@amazon.com,(582) 392-9667
131,Adison,Rowe,Adison.Rowe@amazon.com,(815) 496-3696
132,Charlie,Stewart,Charlie.Stewart@amazon.com,(266) 402-8649
133,Walker,Hodge,Walker.Hodge@amazon.com,(916) 411-8233
134,Ibrahim,Collins,Ibrahim.Collins@amazon.com,(907) 688-0465
135,Jaylon,Monroe,Jaylon.Monroe@amazon.com,(485) 262-8209
136,Rayan,Galloway,Rayan.Galloway@amazon.com,(579) 681-6444
137,Ashlee,Barnett,Ashlee.Barnett@amazon.com,(622) 680-9840
138,Michelle,Holloway,Michelle.Holloway@amazon.com,(253) 553-7237
139,Abril,Benjamin,Abril.Benjamin@amazon.com,(221) 514-8353
140,Scott,Boyd,Scott.Boyd@amazon.com,(393) 789-4317
141,Melina,Heath,Melina.Heath@amazon.com,(426) 903-3295
142,Travis,Cochran,Travis.Cochran@amazon.com,(752) 297-2667
143,Kaitlynn,Hurley,Kaitlynn.Hurley@amazon.com,(588) 229-6367
144,Kody,Frazier,Kody.Frazier@amazon.com,(716) 791-3177
145,Elaina,Vazquez,Elaina.Vazquez@amazon.com,(394) 279-6820
146,Dana,Burns,Dana.Burns@amazon.com,(602) 357-2007
147,Chaya,Barr,Chaya.Barr@amazon.com,(474) 827-1115
148,Rebekah,Barry,Rebekah.Barry@amazon.com,(827) 999-4844
149,Jamar,Michael,Jamar.Michael@amazon.com,(975) 318-9038
150,Kylie,Peters,Kylie.Peters@amazon.com,(656) 649-6607
151,Brennen,Lyons,Brennen.Lyons@amazon.com,(752) 990-3553
152,Krystal,Sawyer,Krystal.Sawyer@amazon.com,(414) 971-8979
153,Gabriel,Orr,Gabriel.Orr@amazon.com,(297) 703-4918
154,Alyssa,Hebert,Alyssa.Hebert@amazon.com,(864) 221-8940
155,Zaiden,Coleman,Zaiden.Coleman@amazon.com,(575) 667-5149
156,Kai,Cisneros,Kai.Cisneros@amazon.com,(998) 294-9527
157,Layne,Mcmahon,Layne.Mcmahon@amazon.com,(377) 333-9265
158,Lydia,Mcintyre,Lydia.Mcintyre@amazon.com,(912) 209-5237
159,Alan,Jones,Alan.Jones@amazon.com,(841) 284-3857
160,Christian,Holder,Christian.Holder@amazon.com,(618) 671-2498
161,Tara,Lynn,Tara.Lynn@amazon.com,(924) 696-1372
162,Sydney,Parsons,Sydney.Parsons@amazon.com,(520) 304-9844
163,Jesus,Leach,Jesus.Leach@amazon.com,(221) 363-0974
164,Allisson,Charles,Allisson.Charles@amazon.com,(576) 789-8221
165,Clarissa,Jarvis,Clarissa.Jarvis@amazon.com,(684) 639-3644
166,Alessandro,Hogan,Alessandro.Hogan@amazon.com,(430) 658-7962
167,Mina,Lucas,Mina.Lucas@amazon.com,(409) 283-1159
168,Keaton,Bentley,Keaton.Bentley@amazon.com,(666) 755-9438
169,Zachary,Ellis,Zachary.Ellis@amazon.com,(637) 380-0595
170,Gabriel,Garner,Gabriel.Garner@amazon.com,(645) 638-5607
171,Gemma,Benson,Gemma.Benson@amazon.com,(980) 637-8981
172,Miles,Lowe,Miles.Lowe@amazon.com,(679) 725-1128
173,Brynlee,Barber,Brynlee.Barber@amazon.com,(493) 921-1817
174,Amelie,Frank,Amelie.Frank@amazon.com,(499) 991-0005
175,Porter,Keith,Porter.Keith@amazon.com,(771) 398-2611
176,Rayna,Velasquez,Rayna.Velasquez@amazon.com,(851) 510-0489
177,Sage,Moran,Sage.Moran@amazon.com,(433) 803-9409
178,Jeramiah,Chaney,Jeramiah.Chaney@amazon.com,(667) 753-7351
179,Melany,Patton,Melany.Patton@amazon.com,(467) 313-6009
180,Jamar,Fuentes,Jamar.Fuentes@amazon.com,(569) 922-3977
181,Gianni,Parsons,Gianni.Parsons@amazon.com,(373) 691-6742
182,Angel,Spence,Angel.Spence@amazon.com,(290) 294-5736
183,Omar,Case,Omar.Case@amazon.com,(374) 529-7532
184,Jazmin,Barajas,Jazmin.Barajas@amazon.com,(267) 465-9417
185,Augustus,Moss,Augustus.Moss@amazon.com,(667) 906-8447
186,Sebastian,Velazquez,Sebastian.Velazquez@amazon.com,(755) 935-0746
187,Israel,Clarke,Israel.Clarke@amazon.com,(227) 607-8340
188,Nathanial,Mejia,Nathanial.Mejia@amazon.com,(932) 766-3641
189,Charles,Haynes,Charles.Haynes@amazon.com,(827) 290-2081
190,Leandro,Wyatt,Leandro.Wyatt@amazon.com,(910) 830-3212
191,Aryan,Hendricks,Aryan.Hendricks@amazon.com,(942) 250-9263
192,Harper,King,Harper.King@amazon.com,(713) 208-8950
193,Justice,Juarez,Justice.Juarez@amazon.com,(499) 573-8334
194,Kennedi,Gamble,Kennedi.Gamble@amazon.com,(274) 298-0193
195,Belen,Steele,Belen.Steele@amazon.com,(758) 318-2858
196,Bennett,Garza,Bennett.Garza@amazon.com,(855) 734-5241
197,Phoenix,Morse,Phoenix.Morse@amazon.com,(401) 288-0325
198,Giovanni,Rowe,Giovanni.Rowe@amazon.com,(920) 933-2105
199,Giovanna,Mckay,Giovanna.Mckay@amazon.com,(442) 275-1625
200,Isaias,Buck,Isaias.Buck@amazon.com,(614) 278-2630
201,Brisa,Walton,Brisa.Walton@amazon.com,(922) 553-4821
202,Brynlee,Maynard,Brynlee.Maynard@amazon.com,(547) 735-9733
203,Brendon,Guerra,Brendon.Guerra@amazon.com,(288) 872-7608
204,Antonio,Sharp,Antonio.Sharp@amazon.com,(309) 716-7148
205,Elisa,Short,Elisa.Short@amazon.com,(666) 698-9045
206,Aiden,Winters,Aiden.Winters@amazon.com,(250) 231-0252
207,Gabriella,Khan,Gabriella.Khan@amazon.com,(423) 591-4892
208,Uriah,Navarro,Uriah.Navarro@amazon.com,(998) 346-6020
209,Connor,Hardy,Connor.Hardy@amazon.com,(202) 288-5603
210,Andrea,Henson,Andrea.Henson@amazon.com,(285) 703-8578
211,Vance,Moody,Vance.Moody@amazon.com,(805) 582-4263
212,Frederick,Rush,Frederick.Rush@amazon.com,(408) 680-8579
213,Alberto,Bonilla,Alberto.Bonilla@amazon.com,(816) 365-8035
214,Ismael,Ritter,Ismael.Ritter@amazon.com,(951) 362-9160
215,Adeline,Joyce,Adeline.Joyce@amazon.com,(602) 889-6268
216,Delilah,Rhodes,Delilah.Rhodes@amazon.com,(729) 270-1692
217,Jacob,Boyer,Jacob.Boyer@amazon.com,(386) 486-5500
218,Helen,Dean,Helen.Dean@amazon.com,(215) 201-0640
219,Monique,Mcbride,Monique.Mcbride@amazon.com,(947) 223-2884
220,Johan,Hanna,Johan.Hanna@amazon.com,(617) 399-1531
221,Anastasia,Bates,Anastasia.Bates@amazon.com,(488) 355-6997
222,Konnor,Bauer,Konnor.Bauer@amazon.com,(463) 998-9598
223,Karson,Whitney,Karson.Whitney@amazon.com,(308) 993-8019
224,Matias,Gibbs,Matias.Gibbs@amazon.com,(641) 461-0065
225,India,Mendoza,India.Mendoza@amazon.com,(994) 967-9747
226,Isabela,Collier,Isabela.Collier@amazon.com,(827) 413-6184
227,Gregory,Haley,Gregory.Haley@amazon.com,(964) 573-3274
228,Mekhi,Le,Mekhi.Le@amazon.com,(358) 480-3521
229,Darius,Escobar,Darius.Escobar@amazon.com,(880) 872-4556
230,Charlie,Benson,Charlie.Benson@amazon.com,(259) 561-8252
231,Camilla,Mclean,Camilla.Mclean@amazon.com,(538) 547-7356
232,Alessandro,Moore,Alessandro.Moore@amazon.com,(567) 229-9817
233,Carlee,Stafford,Carlee.Stafford@amazon.com,(614) 315-0309
234,Angelina,Giles,Angelina.Giles@amazon.com,(665) 940-6778
235,Taniyah,Church,Taniyah.Church@amazon.com,(320) 937-2523
236,Dana,Adams,Dana.Adams@amazon.com,(376) 281-0556
237,Elena,Mcdonald,Elena.Mcdonald@amazon.com,(706) 753-9682
238,Landin,Cardenas,Landin.Cardenas@amazon.com,(829) 868-1406
239,Neveah,Miller,Neveah.Miller@amazon.com,(219) 440-0405
240,Eli,Watson,Eli.Watson@amazon.com,(916) 465-8323
241,Alden,Carroll,Alden.Carroll@amazon.com,(989) 911-8923
242,Denisse,Vaughn,Denisse.Vaughn@amazon.com,(435) 740-7176
243,Muhammad,Moses,Muhammad.Moses@amazon.com,(618) 926-3645
244,Chase,Chavez,Chase.Chavez@amazon.com,(647) 215-0134
245,Thaddeus,Bray,Thaddeus.Bray@amazon.com,(822) 577-4187
246,Sheldon,Robbins,Sheldon.Robbins@amazon.com,(231) 533-1434
247,Beau,Shah,Beau.Shah@amazon.com,(780) 643-9574
248,Marques,Costa,Marques.Costa@amazon.com,(482) 384-6981
249,Jaylen,Charles,Jaylen.Charles@amazon.com,(849) 640-8320
250,Kendall,Stuart,Kendall.Stuart@amazon.com,(741) 547-7029
251,Deven,Anthony,Deven.Anthony@amazon.com,(721) 862-6245
252,Khloe,Potts,Khloe.Potts@amazon.com,(876) 324-1765
253,Adrian,Madden,Adrian.Madden@amazon.com,(661) 401-2537
254,Easton,Nguyen,Easton.Nguyen@amazon.com,(571) 310-8181
255,Kennedi,Pierce,Kennedi.Pierce@amazon.com,(595) 817-6230
256,Kaden,Velazquez,Kaden.Velazquez@amazon.com,(577) 355-7246
257,Alma,Chavez,Alma.Chavez@amazon.com,(588) 677-0094
258,Jase,Zhang,Jase.Zhang@amazon.com,(942) 308-7201
259,Journey,Ferguson,Journey.Ferguson@amazon.com,(274) 350-1348
260,Roderick,Leach,Roderick.Leach@amazon.com,(527) 645-7666
261,Andy,Mcguire,Andy.Mcguire@amazon.com,(204) 763-2444
262,Wendy,Hartman,Wendy.Hartman@amazon.com,(825) 541-2212
263,Jaliyah,Oneal,Jaliyah.Oneal@amazon.com,(740) 609-8239
264,Keagan,Heath,Keagan.Heath@amazon.com,(939) 382-5130
265,Trinity,Benson,Trinity.Benson@amazon.com,(293) 726-0528
266,Adrian,Molina,Adrian.Molina@amazon.com,(676) 262-6332
267,Irvin,Parsons,Irvin.Parsons@amazon.com,(706) 384-9555
268,Stephany,Newton,Stephany.Newton@amazon.com,(544) 924-7090
269,Desirae,Calhoun,Desirae.Calhoun@amazon.com,(707) 203-6911
270,Caiden,Barry,Caiden.Barry@amazon.com,(490) 470-3225
271,Emelia,Wise,Emelia.Wise@amazon.com,(624) 855-4949
272,Isis,Leonard,Isis.Leonard@amazon.com,(981) 530-5223
273,Gilberto,Richardson,Gilberto.Richardson@amazon.com,(858) 609-3784
274,Diego,Tyler,Diego.Tyler@amazon.com,(608) 403-0188
275,Semaj,Santos,Semaj.Santos@amazon.com,(774) 803-1730
276,Carlee,Welch,Carlee.Welch@amazon.com,(699) 381-0078
277,Cynthia,Bryan,Cynthia.Bryan@amazon.com,(348) 904-7178
278,Lamont,Walls,Lamont.Walls@amazon.com,(646) 283-7574
279,Alexis,Carroll,Alexis.Carroll@amazon.com,(767) 423-5686
280,Madyson,Ayala,Madyson.Ayala@amazon.com,(510) 435-0672
281,Lindsey,Ware,Lindsey.Ware@amazon.com,(765) 406-0318
282,Angela,Beltran,Angela.Beltran@amazon.com,(941) 635-7925
283,April,Johnston,April.Johnston@amazon.com,(249) 949-4800
284,Leo,Mitchell,Leo.Mitchell@amazon.com,(319) 335-8024
285,Travis,Ortega,Travis.Ortega@amazon.com,(746) 456-8528
286,Bryan,Chaney,Bryan.Chaney@amazon.com,(989) 740-8125
287,Javion,Benton,Javion.Benton@amazon.com,(843) 707-9229
288,Karen,Allen,Karen.Allen@amazon.com,(796) 553-7806
289,Ronnie,Walton,Ronnie.Walton@amazon.com,(961) 698-8273
290,Esperanza,Landry,Esperanza.Landry@amazon.com,(775) 251-4441
291,Viviana,Mccarthy,Viviana.Mccarthy@amazon.com,(816) 374-6431
292,Fletcher,Green,Fletcher.Green@amazon.com,(294) 936-7009
293,Cierra,Soto,Cierra.Soto@amazon.com,(338) 415-5760
294,Ramiro,Michael,Ramiro.Michael@amazon.com,(911) 945-7842
295,Gunnar,Roberson,Gunnar.Roberson@amazon.com,(492) 955-3501
296,Hugh,Snow,Hugh.Snow@amazon.com,(712) 346-9049
297,Alexandra,Osborne,Alexandra.Osborne@amazon.com,(756) 915-0884
298,Larry,Cherry,Larry.Cherry@amazon.com,(767) 814-2401
299,Ronald,Russo,Ronald.Russo@amazon.com,(719) 849-3714
300,Micheal,Moore,Micheal.Moore@amazon.com,(410) 389-9573
301,Luciana,Campbell,Luciana.Campbell@amazon.com,(323) 431-1255
302,Angelina,Oneill,Angelina.Oneill@amazon.com,(287) 724-1418
303,Zara,Ibarra,Zara.Ibarra@amazon.com,(314) 718-9399
304,Brent,Mckinney,Brent.Mckinney@amazon.com,(865) 493-4421
305,Simone,Rowe,Simone.Rowe@amazon.com,(598) 974-3684
306,Deven,David,Deven.David@amazon.com,(938) 271-0404
307,Daniella,Potts,Daniella.Potts@amazon.com,(206) 298-4501
308,Ty,Montgomery,Ty.Montgomery@amazon.com,(556) 888-7657
309,Edwin,Frey,Edwin.Frey@amazon.com,(930) 535-3927
310,Kierra,Hickman,Kierra.Hickman@amazon.com,(999) 401-6559
311,Giada,Wise,Giada.Wise@amazon.com,(374) 465-4458
312,Arjun,Norman,Arjun.Norman@amazon.com,(540) 705-2007
313,Dania,Camacho,Dania.Camacho@amazon.com,(438) 350-5623
314,Brodie,Le,Brodie.Le@amazon.com,(261) 631-1415
315,Allisson,Barajas,Allisson.Barajas@amazon.com,(707) 869-8374
316,Nicolas,Dougherty,Nicolas.Dougherty@amazon.com,(243) 968-8063
317,Luz,Pena,Luz.Pena@amazon.com,(446) 515-7908
318,Sullivan,Whitney,Sullivan.Whitney@amazon.com,(713) 424-9858
319,Cordell,Allen,Cordell.Allen@amazon.com,(486) 567-4004
320,Jonathon,Lam,Jonathon.Lam@amazon.com,(589) 282-1564
321,Maximilian,Lowe,Maximilian.Lowe@amazon.com,(445) 215-6285
322,Mackenzie,Mcintyre,Mackenzie.Mcintyre@amazon.com,(704) 802-5995
323,Gabriel,Ramirez,Gabriel.Ramirez@amazon.com,(361) 420-1776
324,Tania,Kerr,Tania.Kerr@amazon.com,(328) 695-2107
325,Omari,Rollins,Omari.Rollins@amazon.com,(772) 691-4296
326,Jackson,Parsons,Jackson.Parsons@amazon.com,(621) 853-4565
327,Jase,Duke,Jase.Duke@amazon.com,(722) 240-0523
328,Wilson,Mcgee,Wilson.Mcgee@amazon.com,(522) 833-2549
329,Isla,Steele,Isla.Steele@amazon.com,(621) 472-8630
330,Donavan,Ponce,Donavan.Ponce@amazon.com,(245) 710-7284
331,John,Crawford,John.Crawford@amazon.com,(624) 861-9259
332,Gordon,Lane,Gordon.Lane@amazon.com,(705) 478-4476
333,Jaylen,Mcpherson,Jaylen.Mcpherson@amazon.com,(928) 506-6369
334,Tucker,Mullins,Tucker.Mullins@amazon.com,(818) 331-1182
335,Aurora,Jenkins,Aurora.Jenkins@amazon.com,(659) 832-4345
336,Lexie,Love,Lexie.Love@amazon.com,(887) 764-1926
337,Steven,Livingston,Steven.Livingston@amazon.com,(707) 959-7014
338,Lillian,George,Lillian.George@amazon.com,(435) 623-4108
339,Martha,Fisher,Martha.Fisher@amazon.com,(901) 644-3637
340,Gracie,Chandler,Gracie.Chandler@amazon.com,(583) 722-3455
341,Brenna,Chen,Brenna.Chen@amazon.com,(754) 542-1277
342,Shawn,Owen,Shawn.Owen@amazon.com,(680) 776-4707
343,Raphael,Richards,Raphael.Richards@amazon.com,(734) 764-4845
344,Jordon,Fischer,Jordon.Fischer@amazon.com,(315) 856-8672
345,Miriam,Nelson,Miriam.Nelson@amazon.com,(231) 578-4292
346,Avery,Carlson,Avery.Carlson@amazon.com,(885) 927-2113
347,Nathalia,Hayes,Nathalia.Hayes@amazon.com,(407) 325-9237
348,Jamison,Avila,Jamison.Avila@amazon.com,(531) 654-3242
349,Malcolm,Palmer,Malcolm.Palmer@amazon.com,(288) 233-2348
350,Christian,Browning,Christian.Browning@amazon.com,(205) 614-6374
351,Howard,Graves,Howard.Graves@amazon.com,(501) 590-8202
352,Jayden,Campos,Jayden.Campos@amazon.com,(705) 321-7265
353,Khalil,Meadows,Khalil.Meadows@amazon.com,(544) 526-1786
354,Heath,Morrow,Heath.Morrow@amazon.com,(482) 455-5297
355,Aron,Small,Aron.Small@amazon.com,(945) 972-2518
356,Annabelle,Edwards,Annabelle.Edwards@amazon.com,(989) 395-7181
357,Calvin,Galloway,Calvin.Galloway@amazon.com,(510) 393-0391
358,Kane,Mcbride,Kane.Mcbride@amazon.com,(646) 390-9986
359,Coby,Huynh,Coby.Huynh@amazon.com,(219) 946-2104
360,Davon,Strong,Davon.Strong@amazon.com,(537) 692-0322
361,Terrell,Levy,Terrell.Levy@amazon.com,(313) 632-6465
362,Noelle,Benitez,Noelle.Benitez@amazon.com,(440) 748-9195
363,Steve,Garrison,Steve.Garrison@amazon.com,(621) 258-4120
364,Xavier,Greer,Xavier.Greer@amazon.com,(612) 549-2844
365,Albert,Lyons,Albert.Lyons@amazon.com,(901) 842-4549
366,Donovan,Harding,Donovan.Harding@amazon.com,(992) 592-1332
367,Orion,Kerr,Orion.Kerr@amazon.com,(248) 379-7232
368,Issac,Gilbert,Issac.Gilbert@amazon.com,(640) 444-6241
369,Blaine,Strong,Blaine.Strong@amazon.com,(224) 595-0205
370,Stephany,Simpson,Stephany.Simpson@amazon.com,(836) 796-4953
371,Valeria,Burch,Valeria.Burch@amazon.com,(972) 287-6537
372,Kiera,Gould,Kiera.Gould@amazon.com,(863) 999-8355
373,Romeo,Leblanc,Romeo.Leblanc@amazon.com,(444) 825-8835
374,Christian,Leonard,Christian.Leonard@amazon.com,(938) 822-0050
375,Lindsey,Ortiz,Lindsey.Ortiz@amazon.com,(909) 384-6552
376,Andy,Glover,Andy.Glover@amazon.com,(632) 247-2327
377,Donavan,Benitez,Donavan.Benitez@amazon.com,(856) 969-3971
378,Abbigail,Webster,Abbigail.Webster@amazon.com,(371) 215-4345
379,Jovanny,Fox,Jovanny.Fox@amazon.com,(521) 590-3629
380,Amanda,Michael,Amanda.Michael@amazon.com,(295) 859-6576
381,Kayleigh,Fisher,Kayleigh.Fisher@amazon.com,(848) 833-0536
382,Howard,Ashley,Howard.Ashley@amazon.com,(786) 976-3887
383,Cristian,Montoya,Cristian.Montoya@amazon.com,(225) 390-4452
384,Ali,Harding,Ali.Harding@amazon.com,(611) 332-4834
385,Misael,Bennett,Misael.Bennett@amazon.com,(845) 944-7707
386,Estrella,Strickland,Estrella.Strickland@amazon.com,(749) 865-2004
387,Janiah,Hines,Janiah.Hines@amazon.com,(480) 550-4036
388,Makhi,Jenkins,Makhi.Jenkins@amazon.com,(848) 479-1735
389,Julianne,Brooks,Julianne.Brooks@amazon.com,(333) 543-0304
390,Blaze,Tyler,Blaze.Tyler@amazon.com,(264) 949-1252
391,Nico,Snyder,Nico.Snyder@amazon.com,(289) 373-0698
392,Rachel,Phillips,Rachel.Phillips@amazon.com,(545) 548-5702
393,Kiley,Blackburn,Kiley.Blackburn@amazon.com,(409) 717-1703
394,Devin,Hendricks,Devin.Hendricks@amazon.com,(637) 888-7397
395,Brendan,Mcpherson,Brendan.Mcpherson@amazon.com,(283) 201-6990
396,Maximo,Trevino,Maximo.Trevino@amazon.com,(739) 850-5672
397,Elisabeth,Bates,Elisabeth.Bates@amazon.com,(449) 932-5281
398,Adalyn,Hatfield,Adalyn.Hatfield@amazon.com,(356) 766-1939
399,Malik,Andrews,Malik.Andrews@amazon.com,(898) 582-1564
400,Giselle,Sloan,Giselle.Sloan@amazon.com,(621) 816-9609
401,Dallas,Curtis,Dallas.Curtis@amazon.com,(446) 313-8568
402,Veronica,Frederick,Veronica.Frederick@amazon.com,(835) 478-2243
403,Brooke,Griffith,Brooke.Griffith@amazon.com,(456) 505-0502
404,Jaliyah,Dougherty,Jaliyah.Dougherty@amazon.com,(392) 529-6321
405,Kelly,Norris,Kelly.Norris@amazon.com,(531) 911-4677
406,Graham,Ramos,Graham.Ramos@amazon.com,(693) 688-5288
407,Raven,Livingston,Raven.Livingston@amazon.com,(754) 810-9850
408,Mia,Howell,Mia.Howell@amazon.com,(458) 203-6125
409,Jadyn,Thompson,Jadyn.Thompson@amazon.com,(846) 855-7267
410,Kylie,Shannon,Kylie.Shannon@amazon.com,(792) 810-4173
411,Paisley,Mosley,Paisley.Mosley@amazon.com,(288) 931-1817
412,Soren,Chan,Soren.Chan@amazon.com,(783) 715-4285
413,Cassidy,Buckley,Cassidy.Buckley@amazon.com,(904) 739-7762
414,Mina,Rocha,Mina.Rocha@amazon.com,(602) 738-4483
415,Sean,Atkinson,Sean.Atkinson@amazon.com,(258) 273-3276
416,Jaqueline,Andersen,Jaqueline.Andersen@amazon.com,(296) 354-5483
417,Campbell,Osborne,Campbell.Osborne@amazon.com,(962) 448-1865
418,Cristal,Lutz,Cristal.Lutz@amazon.com,(902) 314-8771
419,Makenna,Noble,Makenna.Noble@amazon.com,(653) 856-2498
420,Messiah,Delgado,Messiah.Delgado@amazon.com,(385) 637-2117
421,Nickolas,Dodson,Nickolas.Dodson@amazon.com,(631) 682-6136
422,Kennedi,Maddox,Kennedi.Maddox@amazon.com,(619) 861-2177
423,Amiah,Dalton,Amiah.Dalton@amazon.com,(587) 461-9031
424,Malaki,Dougherty,Malaki.Dougherty@amazon.com,(972) 692-9149
425,Kailee,Solomon,Kailee.Solomon@amazon.com,(913) 675-5799
426,Roberto,Nixon,Roberto.Nixon@amazon.com,(375) 666-6507
427,Lance,Delacruz,Lance.Delacruz@amazon.com,(403) 476-8803
428,Sandra,Ford,Sandra.Ford@amazon.com,(454) 554-9568
429,Joseph,Mora,Joseph.Mora@amazon.com,(371) 657-1664
430,Kate,Chung,Kate.Chung@amazon.com,(927) 317-6969
431,Kenny,Juarez,Kenny.Juarez@amazon.com,(918) 395-3240
432,Jairo,Stuart,Jairo.Stuart@amazon.com,(751) 983-3149
433,Jon,Howard,Jon.Howard@amazon.com,(849) 595-3415
434,Kyra,Rodgers,Kyra.Rodgers@amazon.com,(511) 921-7787
435,Scarlett,Mcdonald,Scarlett.Mcdonald@amazon.com,(466) 235-2001
436,Jamal,Bernard,Jamal.Bernard@amazon.com,(865) 612-6088
437,Joy,Cordova,Joy.Cordova@amazon.com,(813) 872-3308
438,Tomas,Pineda,Tomas.Pineda@amazon.com,(752) 258-6300
439,Jaiden,Cochran,Jaiden.Cochran@amazon.com,(695) 621-6385
440,Draven,Hensley,Draven.Hensley@amazon.com,(633) 512-9238
441,Casey,Porter,Casey.Porter@amazon.com,(915) 593-7514
442,Omar,Phelps,Omar.Phelps@amazon.com,(914) 687-5202
443,Bryson,Callahan,Bryson.Callahan@amazon.com,(613) 958-0292
444,Justice,Cervantes,Justice.Cervantes@amazon.com,(278) 905-0170
445,Conor,Mcfarland,Conor.Mcfarland@amazon.com,(364) 463-0249
446,Ian,Chambers,Ian.Chambers@amazon.com,(745) 831-0032
447,Deacon,Harrington,Deacon.Harrington@amazon.com,(248) 227-3470
448,William,Wright,William.Wright@amazon.com,(621) 849-0421
449,Jovanny,Saunders,Jovanny.Saunders@amazon.com,(231) 515-4336
450,Iliana,Ayers,Iliana.Ayers@amazon.com,(467) 774-2834
451,Addyson,Hardy,Addyson.Hardy@amazon.com,(907) 783-7935
452,Joshua,Dickerson,Joshua.Dickerson@amazon.com,(791) 247-9562
453,Keegan,Trujillo,Keegan.Trujillo@amazon.com,(471) 900-4026
454,Issac,Sanders,Issac.Sanders@amazon.com,(731) 561-3091
455,Jacqueline,Reid,Jacqueline.Reid@amazon.com,(675) 873-5279
456,Makenzie,Bond,Makenzie.Bond@amazon.com,(459) 996-0941
457,Zariah,Munoz,Zariah.Munoz@amazon.com,(995) 765-9258
458,Jermaine,Glover,Jermaine.Glover@amazon.com,(577) 637-6832
459,Jacey,Church,Jacey.Church@amazon.com,(826) 769-6364
460,Erika,Vang,Erika.Vang@amazon.com,(975) 770-8454
461,Javier,Watkins,Javier.Watkins@amazon.com,(248) 476-3253
462,Landon,Mcmahon,Landon.Mcmahon@amazon.com,(828) 208-5804
463,Aryana,Schmidt,Aryana.Schmidt@amazon.com,(897) 590-7689
464,Ari,Hines,Ari.Hines@amazon.com,(270) 868-3338
465,Amber,Wilkins,Amber.Wilkins@amazon.com,(611) 510-6306
466,Hadassah,Collier,Hadassah.Collier@amazon.com,(568) 496-6400
467,Charlize,Lowe,Charlize.Lowe@amazon.com,(575) 598-6105
468,Xiomara,Carney,Xiomara.Carney@amazon.com,(754) 871-0394
469,Lilia,Goodman,Lilia.Goodman@amazon.com,(884) 842-7359
470,Adrian,Gillespie,Adrian.Gillespie@amazon.com,(482) 955-2275
471,Kaylynn,Terrell,Kaylynn.Terrell@amazon.com,(813) 787-0575
472,Jovanny,Stephenson,Jovanny.Stephenson@amazon.com,(737) 994-2352
473,Jamal,Rush,Jamal.Rush@amazon.com,(755) 258-0130
474,Zoie,Flores,Zoie.Flores@amazon.com,(655) 920-7795
475,Daphne,Rollins,Daphne.Rollins@amazon.com,(362) 534-0843
476,Rebekah,Ashley,Rebekah.Ashley@amazon.com,(909) 271-8896
477,Ibrahim,Camacho,Ibrahim.Camacho@amazon.com,(688) 624-7896
478,Judith,Reed,Judith.Reed@amazon.com,(555) 552-4866
479,Tomas,Arellano,Tomas.Arellano@amazon.com,(519) 456-9817
480,Caitlyn,Nixon,Caitlyn.Nixon@amazon.com,(233) 212-9376
481,Grace,Marquez,Grace.Marquez@amazon.com,(402) 391-5687
482,Lia,Alexander,Lia.Alexander@amazon.com,(346) 941-5052
483,Maximilian,Alvarez,Maximilian.Alvarez@amazon.com,(861) 638-4196
484,Makayla,Good,Makayla.Good@amazon.com,(858) 496-0935
485,Omar,Contreras,Omar.Contreras@amazon.com,(302) 787-9842
486,Deandre,Bright,Deandre.Bright@amazon.com,(500) 775-4843
487,Willie,Washington,Willie.Washington@amazon.com,(675) 542-0819
488,Viviana,Padilla,Viviana.Padilla@amazon.com,(464) 756-4541
489,Aisha,Nguyen,Aisha.Nguyen@amazon.com,(333) 209-3927
490,Nataly,Richard,Nataly.Richard@amazon.com,(963) 912-6968
491,Stephanie,Powers,Stephanie.Powers@amazon.com,(644) 651-8881
492,Karsyn,Choi,Karsyn.Choi@amazon.com,(283) 236-0307
493,Aimee,Johns,Aimee.Johns@amazon.com,(357) 416-9333
494,Andre,Miller,Andre.Miller@amazon.com,(443) 861-7237
495,Elliott,Acosta,Elliott.Acosta@amazon.com,(551) 961-6303
496,Roderick,Cooper,Roderick.Cooper@amazon.com,(326) 252-4569
497,Ernesto,Cowan,Ernesto.Cowan@amazon.com,(380) 785-5731
498,Amina,Lara,Amina.Lara@amazon.com,(918) 385-6187
499,Case,Stanton,Case.Stanton@amazon.com,(386) 452-9236
500,Lucille,Downs,Lucille.Downs@amazon.com,(861) 452-0409
501,Brooke,Livingston,Brooke.Livingston@amazon.com,(875) 988-9560
502,Dahlia,Combs,Dahlia.Combs@amazon.com,(408) 878-7071
503,Conner,Hale,Conner.Hale@amazon.com,(532) 356-4160
504,Easton,Preston,Easton.Preston@amazon.com,(436) 978-5524
505,Rishi,Harrell,Rishi.Harrell@amazon.com,(575) 332-5834
506,Yasmine,Burnett,Yasmine.Burnett@amazon.com,(272) 689-1446
507,Nikolas,Allen,Nikolas.Allen@amazon.com,(983) 411-6955
508,Gabriel,Conway,Gabriel.Conway@amazon.com,(341) 816-5468
509,Boston,Aguirre,Boston.Aguirre@amazon.com,(664) 978-6594
510,Luka,Osborne,Luka.Osborne@amazon.com,(312) 454-9153
511,Ryland,Stout,Ryland.Stout@amazon.com,(919) 402-0185
512,Alberto,Harrison,Alberto.Harrison@amazon.com,(953) 522-9784
513,Gaige,Marquez,Gaige.Marquez@amazon.com,(239) 652-7637
514,Osvaldo,Burton,Osvaldo.Burton@amazon.com,(595) 470-8673
515,Theresa,Kirk,Theresa.Kirk@amazon.com,(399) 531-5911
516,Dane,Dennis,Dane.Dennis@amazon.com,(997) 242-5561
517,Brody,Mckinney,Brody.Mckinney@amazon.com,(443) 296-7908
518,Britney,Davies,Britney.Davies@amazon.com,(958) 988-0788
519,Martin,Sosa,Martin.Sosa@amazon.com,(320) 533-9391
520,Rhys,Gomez,Rhys.Gomez@amazon.com,(889) 503-2215
521,Kinsley,Cross,Kinsley.Cross@amazon.com,(421) 546-6889
522,Alfonso,Santiago,Alfonso.Santiago@amazon.com,(316) 896-1460
523,Kayden,Hogan,Kayden.Hogan@amazon.com,(729) 952-2268
524,Kayla,Li,Kayla.Li@amazon.com,(631) 499-1244
525,Mollie,Moon,Mollie.Moon@amazon.com,(742) 294-6446
526,Anabelle,Becker,Anabelle.Becker@amazon.com,(705) 563-8125
527,Gordon,Norman,Gordon.Norman@amazon.com,(936) 630-8915
528,Abel,Dunn,Abel.Dunn@amazon.com,(575) 725-1788
529,Marlene,Donaldson,Marlene.Donaldson@amazon.com,(520) 988-6945
530,Jay,Sandoval,Jay.Sandoval@amazon.com,(677) 213-8398
531,Rigoberto,Baldwin,Rigoberto.Baldwin@amazon.com,(712) 418-5057
532,Mohammad,Shaw,Mohammad.Shaw@amazon.com,(457) 655-7963
533,Guadalupe,Benton,Guadalupe.Benton@amazon.com,(613) 273-0632
534,Jaydon,Dean,Jaydon.Dean@amazon.com,(279) 599-0652
535,Mariana,Campbell,Mariana.Campbell@amazon.com,(288) 711-0198
536,Jaycee,Mccormick,Jaycee.Mccormick@amazon.com,(263) 313-8056
537,August,Macias,August.Macias@amazon.com,(331) 982-3065
538,Reese,Baxter,Reese.Baxter@amazon.com,(502) 816-0503
539,Sarahi,Cochran,Sarahi.Cochran@amazon.com,(263) 817-2008
540,Darrell,Buck,Darrell.Buck@amazon.com,(908) 459-3872
541,Alfonso,Leon,Alfonso.Leon@amazon.com,(346) 986-0039
542,Kimora,Schmitt,Kimora.Schmitt@amazon.com,(299) 796-0150
543,Teagan,Solomon,Teagan.Solomon@amazon.com,(829) 455-6759
544,Leandro,Oliver,Leandro.Oliver@amazon.com,(819) 218-8866
545,Yazmin,Lester,Yazmin.Lester@amazon.com,(291) 805-4079
546,Cannon,Franco,Cannon.Franco@amazon.com,(353) 770-5389
547,Audrey,Flores,Audrey.Flores@amazon.com,(304) 336-6212
548,Malcolm,Mckenzie,Malcolm.Mckenzie@amazon.com,(391) 423-5992
549,Sylvia,Diaz,Sylvia.Diaz@amazon.com,(616) 934-5447
550,Jeremy,Howe,Jeremy.Howe@amazon.com,(647) 774-8533
551,Esther,Larsen,Esther.Larsen@amazon.com,(826) 736-2259
552,Jayden,Moreno,Jayden.Moreno@amazon.com,(443) 246-0352
553,Lennon,Chase,Lennon.Chase@amazon.com,(936) 441-6441
554,Chandler,Little,Chandler.Little@amazon.com,(268) 540-5457
555,Clarissa,Page,Clarissa.Page@amazon.com,(809) 671-5599
556,Mattie,Leonard,Mattie.Leonard@amazon.com,(202) 204-5686
557,Zayne,Ochoa,Zayne.Ochoa@amazon.com,(687) 483-6949
558,Landin,Hughes,Landin.Hughes@amazon.com,(316) 306-5408
559,Payton,Morgan,Payton.Morgan@amazon.com,(296) 380-3992
560,Josie,Bishop,Josie.Bishop@amazon.com,(404) 563-6346
561,Soren,Maxwell,Soren.Maxwell@amazon.com,(721) 409-7240
562,Sanaa,Delacruz,Sanaa.Delacruz@amazon.com,(841) 456-7398
563,Tommy,Haynes,Tommy.Haynes@amazon.com,(715) 238-1594
564,Marlon,Lozano,Marlon.Lozano@amazon.com,(243) 629-1301
565,Adrian,Drake,Adrian.Drake@amazon.com,(208) 227-4895
566,Callum,Washington,Callum.Washington@amazon.com,(805) 884-9603
567,Alice,Roberts,Alice.Roberts@amazon.com,(671) 493-7430
568,Pierre,Raymond,Pierre.Raymond@amazon.com,(675) 751-9976
569,Erin,Golden,Erin.Golden@amazon.com,(975) 822-4609
570,Elsie,Newton,Elsie.Newton@amazon.com,(994) 823-9283
571,Nevaeh,Barr,Nevaeh.Barr@amazon.com,(547) 388-7130
572,Braylon,Park,Braylon.Park@amazon.com,(432) 696-5613
573,Henry,Werner,Henry.Werner@amazon.com,(839) 468-0519
574,Reece,Alvarez,Reece.Alvarez@amazon.com,(475) 848-5355
575,Randy,Santana,Randy.Santana@amazon.com,(830) 355-1067
576,Keyla,Dixon,Keyla.Dixon@amazon.com,(710) 946-6883
577,Finley,Costa,Finley.Costa@amazon.com,(201) 673-5493
578,Lamont,Warren,Lamont.Warren@amazon.com,(906) 915-4091
579,Soren,Schmitt,Soren.Schmitt@amazon.com,(909) 355-8905
580,Alessandro,Crane,Alessandro.Crane@amazon.com,(729) 261-0088
581,Cordell,Petty,Cordell.Petty@amazon.com,(294) 520-5631
582,Meredith,Irwin,Meredith.Irwin@amazon.com,(239) 494-0550
583,Marcel,Garrett,Marcel.Garrett@amazon.com,(763) 328-2864
584,Gary,Gomez,Gary.Gomez@amazon.com,(296) 961-7344
585,Natalia,Brandt,Natalia.Brandt@amazon.com,(585) 223-6857
586,Aliana,Butler,Aliana.Butler@amazon.com,(427) 560-3812
587,Beau,Montoya,Beau.Montoya@amazon.com,(710) 231-9651
588,Kiley,Delgado,Kiley.Delgado@amazon.com,(820) 932-6911
589,Trevon,House,Trevon.House@amazon.com,(751) 259-3124
590,Trey,Watts,Trey.Watts@amazon.com,(735) 997-1517
591,Corbin,Mahoney,Corbin.Mahoney@amazon.com,(556) 793-8057
592,Karley,Sharp,Karley.Sharp@amazon.com,(585) 377-4879
593,Mekhi,Colon,Mekhi.Colon@amazon.com,(646) 355-1984
594,Derrick,Silva,Derrick.Silva@amazon.com,(952) 444-8181
595,Genesis,Oconnell,Genesis.Oconnell@amazon.com,(672) 225-9662
596,Cecilia,Morrow,Cecilia.Morrow@amazon.com,(323) 874-1015
597,Zion,Shaffer,Zion.Shaffer@amazon.com,(551) 292-2122
598,Jaycee,Riggs,Jaycee.Riggs@amazon.com,(699) 273-2007
599,Kyra,Vasquez,Kyra.Vasquez@amazon.com,(415) 504-5838
600,Desirae,Chase,Desirae.Chase@amazon.com,(962) 294-5567
601,Autumn,Warren,Autumn.Warren@amazon.com,(706) 774-7279
602,Efrain,Henson,Efrain.Henson@amazon.com,(750) 231-8067
603,Hailee,Mccall,Hailee.Mccall@amazon.com,(957) 260-9135
604,Finnegan,Perkins,Finnegan.Perkins@amazon.com,(979) 830-8384
605,Talan,Ray,Talan.Ray@amazon.com,(356) 442-8149
606,Weston,Ortega,Weston.Ortega@amazon.com,(890) 899-1707
607,Lana,Kline,Lana.Kline@amazon.com,(554) 395-4915
608,Brielle,Norton,Brielle.Norton@amazon.com,(327) 415-4183
609,Gillian,Massey,Gillian.Massey@amazon.com,(429) 207-2856
610,Michaela,Winters,Michaela.Winters@amazon.com,(393) 814-9390
611,Joanna,Herman,Joanna.Herman@amazon.com,(675) 921-6824
612,Keyla,Griffith,Keyla.Griffith@amazon.com,(548) 409-2174
613,Gordon,Hardy,Gordon.Hardy@amazon.com,(305) 795-9024
614,Sanaa,Mills,Sanaa.Mills@amazon.com,(685) 212-4596
615,Erika,Dalton,Erika.Dalton@amazon.com,(881) 481-4161
616,Emmalee,Guzman,Emmalee.Guzman@amazon.com,(427) 211-4136
617,Isaias,Bauer,Isaias.Bauer@amazon.com,(389) 906-6058
618,Rodolfo,Washington,Rodolfo.Washington@amazon.com,(976) 323-7437
619,Danielle,Yu,Danielle.Yu@amazon.com,(804) 942-6322
620,Rhianna,Hodges,Rhianna.Hodges@amazon.com,(602) 208-5626
621,Hezekiah,Vang,Hezekiah.Vang@amazon.com,(547) 971-9597
622,Guillermo,Dominguez,Guillermo.Dominguez@amazon.com,(509) 711-5783
623,Amya,Fleming,Amya.Fleming@amazon.com,(479) 734-0886
624,Jensen,Montgomery,Jensen.Montgomery@amazon.com,(769) 744-8594
625,Danna,Hall,Danna.Hall@amazon.com,(623) 261-5611
626,Selena,Harrell,Selena.Harrell@amazon.com,(542) 375-7442
627,Bryanna,Jenkins,Bryanna.Jenkins@amazon.com,(706) 483-2198
628,Audrey,Bishop,Audrey.Bishop@amazon.com,(635) 973-1543
629,Ashlyn,Massey,Ashlyn.Massey@amazon.com,(328) 366-1243
630,Jazmine,Harper,Jazmine.Harper@amazon.com,(929) 870-4318
631,Kamryn,Sawyer,Kamryn.Sawyer@amazon.com,(579) 846-0614
632,Maeve,Yu,Maeve.Yu@amazon.com,(689) 900-1096
633,Isis,Callahan,Isis.Callahan@amazon.com,(875) 858-9854
634,Cristian,Dillon,Cristian.Dillon@amazon.com,(470) 366-4502
635,Finn,Acevedo,Finn.Acevedo@amazon.com,(350) 924-0068
636,Regan,Cowan,Regan.Cowan@amazon.com,(803) 783-0977
637,Aspen,Ryan,Aspen.Ryan@amazon.com,(787) 794-0904
638,Brice,Alexander,Brice.Alexander@amazon.com,(904) 574-4912
639,Savion,Tyler,Savion.Tyler@amazon.com,(289) 858-0067
640,Jazlyn,Bautista,Jazlyn.Bautista@amazon.com,(605) 875-3056
641,Kaeden,Price,Kaeden.Price@amazon.com,(946) 788-2030
642,Jaelyn,Prince,Jaelyn.Prince@amazon.com,(440) 248-0483
643,Jude,Santana,Jude.Santana@amazon.com,(330) 407-2712
644,Anthony,Schmidt,Anthony.Schmidt@amazon.com,(602) 649-3537
645,Nicholas,Pineda,Nicholas.Pineda@amazon.com,(896) 594-1652
646,Allisson,Gardner,Allisson.Gardner@amazon.com,(845) 622-6223
647,Aliyah,Townsend,Aliyah.Townsend@amazon.com,(278) 735-6639
648,Leslie,Pearson,Leslie.Pearson@amazon.com,(683) 281-2474
649,Brendon,Goodman,Brendon.Goodman@amazon.com,(635) 497-5583
650,Elisa,Perry,Elisa.Perry@amazon.com,(838) 717-2934
651,Yosef,Livingston,Yosef.Livingston@amazon.com,(649) 551-5442
652,Zachariah,Zimmerman,Zachariah.Zimmerman@amazon.com,(231) 249-8456
653,Zayden,Frost,Zayden.Frost@amazon.com,(771) 883-5866
654,Edwin,Boyer,Edwin.Boyer@amazon.com,(878) 374-9957
655,Leanna,Salazar,Leanna.Salazar@amazon.com,(602) 709-3890
656,Sabrina,Mercer,Sabrina.Mercer@amazon.com,(584) 864-2346
657,Brenton,Solomon,Brenton.Solomon@amazon.com,(384) 206-0473
658,Fiona,Owen,Fiona.Owen@amazon.com,(230) 798-8716
659,Jovani,Watkins,Jovani.Watkins@amazon.com,(427) 777-3888
660,Logan,Mcneil,Logan.Mcneil@amazon.com,(673) 867-7369
661,Alanna,Sexton,Alanna.Sexton@amazon.com,(823) 714-0425
662,Gretchen,Molina,Gretchen.Molina@amazon.com,(239) 675-9028
663,Stephany,Powell,Stephany.Powell@amazon.com,(570) 519-5449
664,Rigoberto,Carlson,Rigoberto.Carlson@amazon.com,(901) 279-2728
665,Bryanna,Kim,Bryanna.Kim@amazon.com,(983) 555-5589
666,Cale,Hunter,Cale.Hunter@amazon.com,(403) 507-2722
667,Jayleen,Huff,Jayleen.Huff@amazon.com,(567) 704-0068
668,Leyla,Barrett,Leyla.Barrett@amazon.com,(655) 515-2020
669,Zayne,Wilkinson,Zayne.Wilkinson@amazon.com,(274) 691-3255
670,Muhammad,Perez,Muhammad.Perez@amazon.com,(704) 556-5186
671,Arturo,Collier,Arturo.Collier@amazon.com,(525) 972-5190
672,Piper,Santana,Piper.Santana@amazon.com,(560) 781-9972
673,Titus,Luna,Titus.Luna@amazon.com,(397) 844-8457
674,Payton,Branch,Payton.Branch@amazon.com,(865) 421-4708
675,Corinne,Jarvis,Corinne.Jarvis@amazon.com,(795) 725-5960
676,Hallie,Matthews,Hallie.Matthews@amazon.com,(714) 327-9632
677,Denisse,Cuevas,Denisse.Cuevas@amazon.com,(414) 328-3021
678,Kendrick,Reeves,Kendrick.Reeves@amazon.com,(529) 835-8615
679,Cohen,Rodriguez,Cohen.Rodriguez@amazon.com,(668) 572-6684
680,Gia,Barr,Gia.Barr@amazon.com,(236) 549-9265
681,Angelica,Greer,Angelica.Greer@amazon.com,(289) 649-9710
682,Susan,Evans,Susan.Evans@amazon.com,(719) 907-5273
683,Jaylin,White,Jaylin.White@amazon.com,(627) 487-2810
684,Ronin,Bonilla,Ronin.Bonilla@amazon.com,(319) 629-0415
685,Kayden,Edwards,Kayden.Edwards@amazon.com,(504) 922-5863
686,Bennett,Yu,Bennett.Yu@amazon.com,(698) 656-3548
687,Rene,Lozano,Rene.Lozano@amazon.com,(448) 342-4075
688,Theodore,Rasmussen,Theodore.Rasmussen@amazon.com,(407) 755-5242
689,Maryjane,Newton,Maryjane.Newton@amazon.com,(741) 435-9885
690,Ulises,Buckley,Ulises.Buckley@amazon.com,(444) 929-6320
691,Ayla,Tapia,Ayla.Tapia@amazon.com,(406) 438-5483
692,Sarai,Mann,Sarai.Mann@amazon.com,(943) 548-4271
693,Vicente,Michael,Vicente.Michael@amazon.com,(205) 222-6006
694,Jenna,Lewis,Jenna.Lewis@amazon.com,(819) 947-7017
695,Callie,Mack,Callie.Mack@amazon.com,(806) 491-3251
696,Emery,Hunt,Emery.Hunt@amazon.com,(644) 607-7051
697,Fiona,Hays,Fiona.Hays@amazon.com,(688) 437-7565
698,Alyvia,Wilson,Alyvia.Wilson@amazon.com,(580) 746-3207
699,Delilah,Harper,Delilah.Harper@amazon.com,(381) 768-1060
700,Maria,Branch,Maria.Branch@amazon.com,(982) 785-2786
701,Amanda,Hood,Amanda.Hood@amazon.com,(389) 773-1100
702,Iris,Zhang,Iris.Zhang@amazon.com,(331) 226-2084
703,Adison,Gilbert,Adison.Gilbert@amazon.com,(890) 429-6163
704,Roderick,Savage,Roderick.Savage@amazon.com,(468) 326-5468
705,Dale,Freeman,Dale.Freeman@amazon.com,(708) 617-0261
706,Omar,Donovan,Omar.Donovan@amazon.com,(895) 773-1373
707,Augustus,Mcneil,Augustus.Mcneil@amazon.com,(404) 284-1460
708,Jaime,Olson,Jaime.Olson@amazon.com,(573) 726-8614
709,Lexie,Vaughan,Lexie.Vaughan@amazon.com,(441) 985-4444
710,Colby,Wall,Colby.Wall@amazon.com,(938) 282-5012
711,Adrianna,Walter,Adrianna.Walter@amazon.com,(872) 577-5351
712,Leticia,Holder,Leticia.Holder@amazon.com,(230) 864-2227
713,Viviana,Gibbs,Viviana.Gibbs@amazon.com,(700) 835-4695
714,Emerson,Bernard,Emerson.Bernard@amazon.com,(563) 266-2402
715,Oliver,Schmitt,Oliver.Schmitt@amazon.com,(831) 587-9806
716,Katie,Owen,Katie.Owen@amazon.com,(639) 985-3860
717,Makenzie,Stein,Makenzie.Stein@amazon.com,(223) 673-5224
718,Janelle,Sherman,Janelle.Sherman@amazon.com,(306) 307-8315
719,Ellis,Booker,Ellis.Booker@amazon.com,(356) 351-6369
720,Trevor,Gonzalez,Trevor.Gonzalez@amazon.com,(848) 201-1544
721,Charlie,Mcintosh,Charlie.Mcintosh@amazon.com,(423) 546-6633
722,Natasha,Glover,Natasha.Glover@amazon.com,(877) 296-5907
723,Kiana,Gaines,Kiana.Gaines@amazon.com,(507) 499-6289
724,Kendra,Mclean,Kendra.Mclean@amazon.com,(377) 602-8913
725,Cristopher,Kirk,Cristopher.Kirk@amazon.com,(578) 758-7033
726,Sloane,Snyder,Sloane.Snyder@amazon.com,(259) 244-8826
727,Keely,Cochran,Keely.Cochran@amazon.com,(984) 410-4519
728,Keenan,Mccullough,Keenan.Mccullough@amazon.com,(945) 564-5852
729,Devin,Lynch,Devin.Lynch@amazon.com,(246) 889-6615
730,Caleb,Hobbs,Caleb.Hobbs@amazon.com,(886) 603-6508
731,Elianna,Wyatt,Elianna.Wyatt@amazon.com,(503) 214-3536
732,Abraham,Bean,Abraham.Bean@amazon.com,(922) 264-8563
733,Mariam,Barr,Mariam.Barr@amazon.com,(430) 427-3471
734,Omar,Hendricks,Omar.Hendricks@amazon.com,(248) 410-6176
735,Jordan,Walls,Jordan.Walls@amazon.com,(966) 377-6492
736,Skyla,Hardy,Skyla.Hardy@amazon.com,(553) 836-0164
737,Ethen,Hamilton,Ethen.Hamilton@amazon.com,(756) 265-2860
738,Jamal,Mora,Jamal.Mora@amazon.com,(402) 900-2411
739,Eddie,Estes,Eddie.Estes@amazon.com,(346) 206-2889
740,Alexis,Kent,Alexis.Kent@amazon.com,(866) 363-4394
741,Jay,Mcintyre,Jay.Mcintyre@amazon.com,(828) 760-0368
742,Aryan,Dodson,Aryan.Dodson@amazon.com,(426) 840-2695
743,Zoey,Haynes,Zoey.Haynes@amazon.com,(696) 406-3802
744,Gemma,Donaldson,Gemma.Donaldson@amazon.com,(573) 268-2712
745,Kylie,Gay,Kylie.Gay@amazon.com,(861) 977-8602
746,Ishaan,Adams,Ishaan.Adams@amazon.com,(753) 990-8383
747,America,Phillips,America.Phillips@amazon.com,(405) 372-3365
748,Porter,Landry,Porter.Landry@amazon.com,(603) 808-3865
749,Paloma,Baldwin,Paloma.Baldwin@amazon.com,(664) 410-3099
750,Rylan,Stein,Rylan.Stein@amazon.com,(563) 754-3152
751,Josue,Atkins,Josue.Atkins@amazon.com,(928) 354-6331
752,Scarlet,Gallagher,Scarlet.Gallagher@amazon.com,(916) 269-5287
753,Giovani,Hahn,Giovani.Hahn@amazon.com,(684) 664-8355
754,Fernanda,Delacruz,Fernanda.Delacruz@amazon.com,(437) 725-5283
755,Kale,Warner,Kale.Warner@amazon.com,(438) 561-2211
756,Chaya,Malone,Chaya.Malone@amazon.com,(314) 704-3263
757,Layla,Jimenez,Layla.Jimenez@amazon.com,(324) 365-2420
758,Janae,Farmer,Janae.Farmer@amazon.com,(263) 745-9416
759,Alexander,Kirk,Alexander.Kirk@amazon.com,(512) 641-2693
760,Teagan,Harvey,Teagan.Harvey@amazon.com,(782) 275-1378
761,Jaidyn,Koch,Jaidyn.Koch@amazon.com,(888) 533-1688
762,Jovany,Becker,Jovany.Becker@amazon.com,(340) 597-0636
763,Augustus,Morgan,Augustus.Morgan@amazon.com,(611) 216-2000
764,Destinee,Peters,Destinee.Peters@amazon.com,(935) 668-2540
765,Elena,Robinson,Elena.Robinson@amazon.com,(936) 556-8117
766,Taniyah,Rosales,Taniyah.Rosales@amazon.com,(369) 258-9001
767,Yael,Simon,Yael.Simon@amazon.com,(882) 859-4836
768,Deanna,Sosa,Deanna.Sosa@amazon.com,(874) 763-1461
769,America,Martinez,America.Martinez@amazon.com,(944) 857-8374
770,Allisson,Stein,Allisson.Stein@amazon.com,(695) 395-6569
771,Elsa,Moore,Elsa.Moore@amazon.com,(304) 938-4583
772,Summer,Velez,Summer.Velez@amazon.com,(529) 208-9108
773,Jimena,Hebert,Jimena.Hebert@amazon.com,(226) 783-4935
774,Jesus,Velasquez,Jesus.Velasquez@amazon.com,(230) 302-6771
775,Chelsea,Boone,Chelsea.Boone@amazon.com,(620) 208-0148
776,Jayce,Wilcox,Jayce.Wilcox@amazon.com,(613) 585-7404
777,Cameron,Cuevas,Cameron.Cuevas@amazon.com,(854) 464-6395
778,Jorge,Pollard,Jorge.Pollard@amazon.com,(935) 318-1821
779,Remington,Giles,Remington.Giles@amazon.com,(287) 468-3587
780,Keely,Evans,Keely.Evans@amazon.com,(340) 689-0272
781,Jakob,Curry,Jakob.Curry@amazon.com,(211) 856-7490
782,Kaiden,Elliott,Kaiden.Elliott@amazon.com,(395) 242-5290
783,Lara,Mccarthy,Lara.Mccarthy@amazon.com,(389) 380-1633
784,River,Horne,River.Horne@amazon.com,(476) 877-6561
785,Jacob,Benjamin,Jacob.Benjamin@amazon.com,(825) 233-7344
786,Lyric,Galloway,Lyric.Galloway@amazon.com,(560) 383-3086
787,Davian,Garrison,Davian.Garrison@amazon.com,(261) 810-0220
788,Hanna,Garrett,Hanna.Garrett@amazon.com,(391) 857-7980
789,Gregory,Hammond,Gregory.Hammond@amazon.com,(499) 525-8154
790,Felix,Rosales,Felix.Rosales@amazon.com,(799) 378-7111
791,Finley,Mckay,Finley.Mckay@amazon.com,(764) 249-4875
792,Deven,Ramsey,Deven.Ramsey@amazon.com,(997) 710-1884
793,Alvin,Whitaker,Alvin.Whitaker@amazon.com,(626) 540-7853
794,Lara,Kim,Lara.Kim@amazon.com,(943) 235-6496
795,Norah,Newman,Norah.Newman@amazon.com,(252) 548-3331
796,Diana,Luna,Diana.Luna@amazon.com,(544) 426-8271
797,Gordon,Larsen,Gordon.Larsen@amazon.com,(759) 895-3752
798,Walker,Miranda,Walker.Miranda@amazon.com,(367) 336-6497
799,Greta,Huber,Greta.Huber@amazon.com,(487) 973-1480
800,Yadira,Miranda,Yadira.Miranda@amazon.com,(506) 737-3612
801,Chaim,Dougherty,Chaim.Dougherty@amazon.com,(423) 969-8614
802,Marquis,Arias,Marquis.Arias@amazon.com,(805) 302-3920
803,Luciana,Ferrell,Luciana.Ferrell@amazon.com,(974) 365-0212
804,Kamila,Osborne,Kamila.Osborne@amazon.com,(918) 266-4620
805,Luna,Strong,Luna.Strong@amazon.com,(626) 515-4583
806,Albert,Orozco,Albert.Orozco@amazon.com,(625) 218-0196
807,Konner,Barton,Konner.Barton@amazon.com,(836) 470-2687
808,Diana,Sweeney,Diana.Sweeney@amazon.com,(757) 406-4436
809,Summer,Anthony,Summer.Anthony@amazon.com,(554) 257-6201
810,Grady,Lucero,Grady.Lucero@amazon.com,(664) 288-0698
811,Billy,King,Billy.King@amazon.com,(725) 360-9068
812,Andres,Martinez,Andres.Martinez@amazon.com,(475) 827-6999
813,Ivan,Friedman,Ivan.Friedman@amazon.com,(378) 926-3688
814,Charity,Campos,Charity.Campos@amazon.com,(258) 928-5855
815,Faith,Martinez,Faith.Martinez@amazon.com,(362) 822-9014
816,Ryker,Lyons,Ryker.Lyons@amazon.com,(888) 411-8883
817,Javion,Gill,Javion.Gill@amazon.com,(285) 528-5097
818,Carolina,Arnold,Carolina.Arnold@amazon.com,(833) 831-5891
819,Eva,Hanna,Eva.Hanna@amazon.com,(202) 868-3238
820,Maleah,Hudson,Maleah.Hudson@amazon.com,(691) 734-1165
821,Dylan,Dillon,Dylan.Dillon@amazon.com,(648) 703-9050
822,Alexa,Wood,Alexa.Wood@amazon.com,(319) 446-9412
823,Rafael,Dorsey,Rafael.Dorsey@amazon.com,(618) 255-0801
824,Vance,Velasquez,Vance.Velasquez@amazon.com,(762) 501-0159
825,Zion,Oconnell,Zion.Oconnell@amazon.com,(440) 354-1746
826,Amirah,Arnold,Amirah.Arnold@amazon.com,(244) 540-1204
827,Kieran,Lutz,Kieran.Lutz@amazon.com,(910) 972-5169
828,Shania,Walls,Shania.Walls@amazon.com,(946) 460-0502
829,Mikayla,Poole,Mikayla.Poole@amazon.com,(880) 409-6414
830,Julien,Ayala,Julien.Ayala@amazon.com,(905) 538-9621
831,Jada,Buckley,Jada.Buckley@amazon.com,(465) 775-9420
832,Camilla,Dawson,Camilla.Dawson@amazon.com,(373) 679-4490
833,Britney,Alexander,Britney.Alexander@amazon.com,(821) 294-8397
834,Corbin,Gill,Corbin.Gill@amazon.com,(784) 600-2308
835,Denzel,Atkinson,Denzel.Atkinson@amazon.com,(961) 466-2321
836,Jamal,Jarvis,Jamal.Jarvis@amazon.com,(230) 929-7777
837,Branden,Peck,Branden.Peck@amazon.com,(649) 785-0275
838,Adalynn,Hoffman,Adalynn.Hoffman@amazon.com,(510) 611-5429
839,Lacey,Dyer,Lacey.Dyer@amazon.com,(207) 660-9165
840,Johanna,Lloyd,Johanna.Lloyd@amazon.com,(568) 801-5044
841,Carley,Estes,Carley.Estes@amazon.com,(761) 537-7321
842,Gustavo,Foster,Gustavo.Foster@amazon.com,(362) 223-5093
843,Aria,Deleon,Aria.Deleon@amazon.com,(804) 583-1772
844,Ashtyn,Blevins,Ashtyn.Blevins@amazon.com,(978) 668-5447
845,Kiera,Wilkinson,Kiera.Wilkinson@amazon.com,(280) 677-3336
846,Kolton,Meadows,Kolton.Meadows@amazon.com,(337) 526-9141
847,Rogelio,Stephenson,Rogelio.Stephenson@amazon.com,(446) 514-8198
848,Tiffany,Farley,Tiffany.Farley@amazon.com,(687) 289-6020
849,Julia,Wheeler,Julia.Wheeler@amazon.com,(216) 557-1206
850,Ashlee,Knox,Ashlee.Knox@amazon.com,(347) 495-1868
851,Taylor,Roy,Taylor.Roy@amazon.com,(403) 782-1761
852,Daniella,Knight,Daniella.Knight@amazon.com,(446) 723-8222
853,Gideon,Fitzgerald,Gideon.Fitzgerald@amazon.com,(399) 868-0147
854,Maggie,Strickland,Maggie.Strickland@amazon.com,(292) 292-5309
855,Dustin,Macias,Dustin.Macias@amazon.com,(621) 486-2617
856,Trevon,Sanchez,Trevon.Sanchez@amazon.com,(859) 429-6274
857,Nigel,Randolph,Nigel.Randolph@amazon.com,(969) 847-4900
858,Caiden,Banks,Caiden.Banks@amazon.com,(775) 776-3847
859,Cierra,Johnston,Cierra.Johnston@amazon.com,(222) 896-6537
860,Keith,Fletcher,Keith.Fletcher@amazon.com,(817) 826-0879
861,Johanna,Blackwell,Johanna.Blackwell@amazon.com,(307) 730-0622
862,Dylan,Greene,Dylan.Greene@amazon.com,(694) 797-3590
863,Odin,Chen,Odin.Chen@amazon.com,(657) 543-8033
864,Kendall,Lynch,Kendall.Lynch@amazon.com,(869) 714-9692
865,Megan,Leonard,Megan.Leonard@amazon.com,(548) 627-5100
866,Judith,Garza,Judith.Garza@amazon.com,(460) 854-6216
867,Zara,English,Zara.English@amazon.com,(436) 659-4133
868,Melany,Wallace,Melany.Wallace@amazon.com,(445) 477-7114
869,Makhi,Stevenson,Makhi.Stevenson@amazon.com,(564) 838-3690
870,Johnny,Roach,Johnny.Roach@amazon.com,(431) 515-6633
871,Theresa,Richmond,Theresa.Richmond@amazon.com,(368) 208-8470
872,Giselle,Schaefer,Giselle.Schaefer@amazon.com,(461) 901-0399
873,Tatiana,Johnston,Tatiana.Johnston@amazon.com,(543) 680-5128
874,Matias,Salas,Matias.Salas@amazon.com,(228) 305-1897
875,Evangeline,Rosario,Evangeline.Rosario@amazon.com,(598) 899-4057
876,Karter,Chapman,Karter.Chapman@amazon.com,(823) 616-3712
877,Alisha,Maxwell,Alisha.Maxwell@amazon.com,(938) 216-1597
878,Deegan,Khan,Deegan.Khan@amazon.com,(233) 990-4215
879,Makayla,Case,Makayla.Case@amazon.com,(721) 718-5417
880,Campbell,Perkins,Campbell.Perkins@amazon.com,(909) 808-0433
881,Tess,Dunlap,Tess.Dunlap@amazon.com,(654) 880-7445
882,Vance,Holland,Vance.Holland@amazon.com,(575) 556-3007
883,Aaliyah,Thomas,Aaliyah.Thomas@amazon.com,(706) 775-1060
884,Beatrice,Lane,Beatrice.Lane@amazon.com,(269) 426-2291
885,Andre,Irwin,Andre.Irwin@amazon.com,(381) 894-2013
886,Gilbert,Davis,Gilbert.Davis@amazon.com,(558) 910-1383
887,Van,Ramos,Van.Ramos@amazon.com,(382) 296-5465
888,Shaun,Oneill,Shaun.Oneill@amazon.com,(308) 946-4271
889,Angela,Schmidt,Angela.Schmidt@amazon.com,(987) 584-2924
890,Allen,Duarte,Allen.Duarte@amazon.com,(901) 316-2241
891,Levi,Clayton,Levi.Clayton@amazon.com,(240) 496-4140
892,Ralph,Torres,Ralph.Torres@amazon.com,(746) 409-9539
893,Adan,Mclaughlin,Adan.Mclaughlin@amazon.com,(958) 451-7654
894,Osvaldo,Mcdonald,Osvaldo.Mcdonald@amazon.com,(712) 706-5170
895,Jerome,Wilson,Jerome.Wilson@amazon.com,(271) 502-6291
896,Joyce,Edwards,Joyce.Edwards@amazon.com,(486) 965-9171
897,Tania,Hoffman,Tania.Hoffman@amazon.com,(926) 875-7497
898,Macey,Pittman,Macey.Pittman@amazon.com,(948) 298-5494
899,Devan,Giles,Devan.Giles@amazon.com,(611) 504-1766
900,Nicholas,Mclean,Nicholas.Mclean@amazon.com,(885) 870-6367
901,Damion,Wilkinson,Damion.Wilkinson@amazon.com,(891) 626-1192
902,Ignacio,Bond,Ignacio.Bond@amazon.com,(202) 927-9696
903,Giovani,Crane,Giovani.Crane@amazon.com,(909) 528-6649
904,Jaylyn,Drake,Jaylyn.Drake@amazon.com,(654) 702-1843
905,Jaqueline,Perry,Jaqueline.Perry@amazon.com,(762) 204-2749
906,Anton,Steele,Anton.Steele@amazon.com,(211) 316-2235
907,Nayeli,Griffin,Nayeli.Griffin@amazon.com,(811) 667-3429
908,Reina,Dickson,Reina.Dickson@amazon.com,(452) 949-2131
909,Kaiya,Howell,Kaiya.Howell@amazon.com,(828) 400-0951
910,Salvatore,Daugherty,Salvatore.Daugherty@amazon.com,(250) 303-6655
911,Christina,Sexton,Christina.Sexton@amazon.com,(649) 553-1716
912,Kamren,Wolfe,Kamren.Wolfe@amazon.com,(510) 510-9351
913,Izabella,Mora,Izabella.Mora@amazon.com,(951) 900-5157
914,Adam,Bird,Adam.Bird@amazon.com,(253) 964-8032
915,Justice,Osborne,Justice.Osborne@amazon.com,(578) 649-2749
916,Jaylah,Tyler,Jaylah.Tyler@amazon.com,(634) 652-4224
917,Aniyah,Maddox,Aniyah.Maddox@amazon.com,(399) 259-7910
918,Skyla,Jarvis,Skyla.Jarvis@amazon.com,(402) 999-9023
919,Adalynn,Frank,Adalynn.Frank@amazon.com,(700) 693-7136
920,Kenya,Gonzalez,Kenya.Gonzalez@amazon.com,(507) 586-3708
921,Graham,Lucas,Graham.Lucas@amazon.com,(624) 842-8396
922,Donald,Jones,Donald.Jones@amazon.com,(897) 853-9681
923,Alanna,Wheeler,Alanna.Wheeler@amazon.com,(928) 216-6843
924,Mira,Sherman,Mira.Sherman@amazon.com,(362) 635-7933
925,Emmy,Cuevas,Emmy.Cuevas@amazon.com,(870) 564-0422
926,Cyrus,Porter,Cyrus.Porter@amazon.com,(406) 815-2116
927,Destinee,Vaughan,Destinee.Vaughan@amazon.com,(866) 848-4506
928,Sonny,Munoz,Sonny.Munoz@amazon.com,(837) 350-1706
929,Derrick,Lozano,Derrick.Lozano@amazon.com,(314) 815-6289
930,Zoie,Schwartz,Zoie.Schwartz@amazon.com,(751) 866-8482
931,Devin,Daugherty,Devin.Daugherty@amazon.com,(935) 268-5499
932,Dominick,Barron,Dominick.Barron@amazon.com,(628) 283-0805
933,Jayvon,Mcdonald,Jayvon.Mcdonald@amazon.com,(503) 479-5724
934,Arthur,Sanders,Arthur.Sanders@amazon.com,(892) 593-3819
935,Saniyah,Taylor,Saniyah.Taylor@amazon.com,(513) 556-5768
936,Mark,Torres,Mark.Torres@amazon.com,(829) 510-4979
937,Case,Baird,Case.Baird@amazon.com,(493) 249-0557
938,Rosa,Francis,Rosa.Francis@amazon.com,(396) 680-9893
939,Brennen,Hendricks,Brennen.Hendricks@amazon.com,(522) 291-1976
940,Nancy,Riggs,Nancy.Riggs@amazon.com,(618) 649-0123
941,Ean,Mata,Ean.Mata@amazon.com,(669) 664-8545
942,Axel,Vance,Axel.Vance@amazon.com,(614) 749-7160
943,Keely,Robles,Keely.Robles@amazon.com,(918) 605-5922
944,Leah,Barnes,Leah.Barnes@amazon.com,(646) 749-3549
945,Fiona,Mccarthy,Fiona.Mccarthy@amazon.com,(298) 274-4783
946,Sarai,Mckee,Sarai.Mckee@amazon.com,(488) 695-0104
947,Seamus,Mckee,Seamus.Mckee@amazon.com,(554) 477-9466
948,Zaniyah,Eaton,Zaniyah.Eaton@amazon.com,(942) 787-4832
949,Amiyah,Levy,Amiyah.Levy@amazon.com,(866) 745-3341
950,Hamza,Ochoa,Hamza.Ochoa@amazon.com,(696) 829-0830
951,Silas,Cuevas,Silas.Cuevas@amazon.com,(771) 277-2854
952,Yesenia,Medina,Yesenia.Medina@amazon.com,(816) 737-5755
953,Abbey,Russell,Abbey.Russell@amazon.com,(587) 247-1047
954,Ernesto,Noble,Ernesto.Noble@amazon.com,(586) 612-8576
955,Skye,Golden,Skye.Golden@amazon.com,(774) 850-5357
956,Dominic,Ellison,Dominic.Ellison@amazon.com,(958) 683-2617
957,Zaid,Thornton,Zaid.Thornton@amazon.com,(596) 855-3962
958,Chace,Sampson,Chace.Sampson@amazon.com,(480) 501-6987
959,Walker,Reid,Walker.Reid@amazon.com,(649) 856-1108
960,Khloe,Chung,Khloe.Chung@amazon.com,(509) 718-2652
961,Ariel,Kim,Ariel.Kim@amazon.com,(703) 526-0047
962,Esperanza,Callahan,Esperanza.Callahan@amazon.com,(654) 711-5386
963,Raphael,Bishop,Raphael.Bishop@amazon.com,(294) 689-5218
964,Konnor,Riddle,Konnor.Riddle@amazon.com,(311) 941-0912
965,Philip,Mays,Philip.Mays@amazon.com,(681) 538-0646
966,Silas,Krause,Silas.Krause@amazon.com,(746) 905-8572
967,Ireland,Gentry,Ireland.Gentry@amazon.com,(896) 404-1506
968,Hudson,Callahan,Hudson.Callahan@amazon.com,(937) 375-4821
969,Jayleen,Frye,Jayleen.Frye@amazon.com,(206) 601-0056
970,Vance,Richard,Vance.Richard@amazon.com,(497) 782-5750
971,Reid,Hall,Reid.Hall@amazon.com,(828) 262-7782
972,Zack,Booker,Zack.Booker@amazon.com,(859) 501-8990
973,Terry,Pope,Terry.Pope@amazon.com,(605) 900-4842
974,Steven,Oneill,Steven.Oneill@amazon.com,(886) 726-3704
975,Roman,Mendez,Roman.Mendez@amazon.com,(848) 717-1985
976,Cristofer,Gallagher,Cristofer.Gallagher@amazon.com,(582) 429-3481
977,Jaelyn,Bentley,Jaelyn.Bentley@amazon.com,(679) 437-6627
978,Quinten,Sampson,Quinten.Sampson@amazon.com,(585) 298-3510
979,Cayden,Gould,Cayden.Gould@amazon.com,(559) 471-4816
980,Damaris,Salazar,Damaris.Salazar@amazon.com,(208) 915-2747
981,Vivian,Koch,Vivian.Koch@amazon.com,(259) 321-2410
982,Erin,Leach,Erin.Leach@amazon.com,(406) 445-8516
983,Lizbeth,Mullins,Lizbeth.Mullins@amazon.com,(383) 600-7638
984,Brayan,Short,Brayan.Short@amazon.com,(973) 227-6354
985,Maryjane,Small,Maryjane.Small@amazon.com,(656) 699-6168
986,Madyson,Leonard,Madyson.Leonard@amazon.com,(205) 681-4815
987,Sloane,Adams,Sloane.Adams@amazon.com,(774) 738-9967
988,Zoe,Thompson,Zoe.Thompson@amazon.com,(681) 487-9238
989,Sawyer,Fisher,Sawyer.Fisher@amazon.com,(533) 783-4350
990,Eliana,Schneider,Eliana.Schneider@amazon.com,(708) 792-2764
991,Alissa,Cervantes,Alissa.Cervantes@amazon.com,(947) 668-7176
992,Kamora,Huerta,Kamora.Huerta@amazon.com,(960) 575-1529
993,Amiya,Burgess,Amiya.Burgess@amazon.com,(997) 290-4882
994,Christine,Booth,Christine.Booth@amazon.com,(611) 476-6833
995,Claudia,Nash,Claudia.Nash@amazon.com,(216) 415-8914
996,Dale,Yoder,Dale.Yoder@amazon.com,(885) 712-1156
997,Conor,Flynn,Conor.Flynn@amazon.com,(401) 725-6004
998,Caitlyn,Schneider,Caitlyn.Schneider@amazon.com,(862) 708-9670
999,Yadira,Case,Yadira.Case@amazon.com,(797) 429-6847
1000,Jazmine,James,Jazmine.James@amazon.com,(636) 426-2590
1001,Katelyn,Daugherty,Katelyn.Daugherty@amazon.com,(757) 377-4416
1002,Dwayne,May,Dwayne.May@amazon.com,(256) 656-8263
1003,Hillary,Cooke,Hillary.Cooke@amazon.com,(541) 869-9304
1004,Isabela,Townsend,Isabela.Townsend@amazon.com,(839) 266-1078
1005,Aldo,Wyatt,Aldo.Wyatt@amazon.com,(725) 394-4899
1006,Leonard,Miles,Leonard.Miles@amazon.com,(786) 921-3438
1007,Jerimiah,Reid,Jerimiah.Reid@amazon.com,(787) 405-9192
1008,Mike,Alexander,Mike.Alexander@amazon.com,(464) 709-8700
1009,Katelyn,Welch,Katelyn.Welch@amazon.com,(354) 347-7676
1010,Jay,Mcgee,Jay.Mcgee@amazon.com,(779) 373-4569
1011,Damaris,Russo,Damaris.Russo@amazon.com,(749) 674-0231
1012,Abbie,Ayala,Abbie.Ayala@amazon.com,(741) 335-8923
1013,Juliana,Merritt,Juliana.Merritt@amazon.com,(278) 556-6943
1014,Adrian,Murray,Adrian.Murray@amazon.com,(975) 994-7698
1015,Gregory,Russo,Gregory.Russo@amazon.com,(321) 210-1405
1016,Annabella,Randolph,Annabella.Randolph@amazon.com,(457) 341-7678
1017,Lindsay,Sanford,Lindsay.Sanford@amazon.com,(417) 957-8621
1018,Saniya,Massey,Saniya.Massey@amazon.com,(445) 348-4726
1019,Nayeli,Hardy,Nayeli.Hardy@amazon.com,(470) 596-6678
1020,Tommy,Beasley,Tommy.Beasley@amazon.com,(236) 789-0717
1021,Jaydon,Montoya,Jaydon.Montoya@amazon.com,(921) 364-8146
1022,Nehemiah,Potter,Nehemiah.Potter@amazon.com,(704) 268-4154
1023,Kieran,Davila,Kieran.Davila@amazon.com,(376) 354-2451
1024,America,Prince,America.Prince@amazon.com,(899) 517-0266
1025,Bridger,Willis,Bridger.Willis@amazon.com,(953) 600-4592
1026,Valery,Conrad,Valery.Conrad@amazon.com,(800) 658-8006
1027,Darius,Drake,Darius.Drake@amazon.com,(802) 667-8262
1028,Rene,Potter,Rene.Potter@amazon.com,(265) 241-6060
1029,Penelope,Morrison,Penelope.Morrison@amazon.com,(887) 870-3350
1030,Madeline,Reid,Madeline.Reid@amazon.com,(325) 534-6638
1031,Chanel,Escobar,Chanel.Escobar@amazon.com,(752) 467-8023
1032,Milagros,Lawson,Milagros.Lawson@amazon.com,(427) 734-0584
1033,Sammy,York,Sammy.York@amazon.com,(557) 433-4556
1034,Reese,Avery,Reese.Avery@amazon.com,(774) 341-4520
1035,Pedro,Andrews,Pedro.Andrews@amazon.com,(433) 578-1223
1036,Amber,Gibson,Amber.Gibson@amazon.com,(618) 689-3867
1037,Jovanni,Beasley,Jovanni.Beasley@amazon.com,(431) 915-7064
1038,Elliott,Clarke,Elliott.Clarke@amazon.com,(785) 858-6756
1039,Jimmy,Oliver,Jimmy.Oliver@amazon.com,(616) 205-6251
1040,Jaden,Browning,Jaden.Browning@amazon.com,(381) 703-3538
1041,Drew,Luna,Drew.Luna@amazon.com,(487) 820-0280
1042,Gilberto,Swanson,Gilberto.Swanson@amazon.com,(395) 712-2337
1043,Katrina,Strickland,Katrina.Strickland@amazon.com,(235) 754-2499
1044,Clark,Mckee,Clark.Mckee@amazon.com,(666) 868-9881
1045,Luke,Sanford,Luke.Sanford@amazon.com,(249) 240-7527
1046,Makaila,Holloway,Makaila.Holloway@amazon.com,(695) 564-4253
1047,Aliana,Frost,Aliana.Frost@amazon.com,(786) 621-3454
1048,Travis,Jackson,Travis.Jackson@amazon.com,(364) 570-2389
1049,Ernesto,Gilmore,Ernesto.Gilmore@amazon.com,(840) 404-4821
1050,Mathew,Donovan,Mathew.Donovan@amazon.com,(597) 322-0348
1051,Judith,Rasmussen,Judith.Rasmussen@amazon.com,(689) 526-7029
1052,Tyshawn,Shepard,Tyshawn.Shepard@amazon.com,(759) 411-4908
1053,Josephine,Combs,Josephine.Combs@amazon.com,(604) 283-2837
1054,Quinton,Tate,Quinton.Tate@amazon.com,(645) 809-3149
1055,Gideon,Frank,Gideon.Frank@amazon.com,(780) 664-6875
1056,Mireya,Lamb,Mireya.Lamb@amazon.com,(715) 505-2868
1057,Taylor,Blevins,Taylor.Blevins@amazon.com,(987) 258-7769
1058,Gary,Durham,Gary.Durham@amazon.com,(797) 995-3937
1059,Alexis,Galvan,Alexis.Galvan@amazon.com,(674) 885-9005
1060,Gianni,Delgado,Gianni.Delgado@amazon.com,(266) 203-9561
1061,Donovan,Lamb,Donovan.Lamb@amazon.com,(204) 654-7432
1062,Nyla,Ryan,Nyla.Ryan@amazon.com,(567) 439-7702
1063,Aria,Strickland,Aria.Strickland@amazon.com,(238) 680-3194
1064,Johnathon,Hayden,Johnathon.Hayden@amazon.com,(449) 216-7951
1065,Edgar,Bradley,Edgar.Bradley@amazon.com,(964) 690-2950
1066,Javier,Orr,Javier.Orr@amazon.com,(347) 956-7740
1067,Cierra,Calhoun,Cierra.Calhoun@amazon.com,(833) 657-6317
1068,Micah,Glass,Micah.Glass@amazon.com,(659) 520-2413
1069,Rosa,Lang,Rosa.Lang@amazon.com,(924) 821-0596
1070,Ryan,Mclaughlin,Ryan.Mclaughlin@amazon.com,(423) 644-2881
1071,Zaid,Lozano,Zaid.Lozano@amazon.com,(887) 302-8348
1072,Paityn,Mcgrath,Paityn.Mcgrath@amazon.com,(324) 369-8792
1073,Nora,Reese,Nora.Reese@amazon.com,(257) 394-5785
1074,Makai,Mccall,Makai.Mccall@amazon.com,(662) 283-3099
1075,Deegan,Weber,Deegan.Weber@amazon.com,(528) 657-5734
1076,Britney,Valentine,Britney.Valentine@amazon.com,(255) 507-0967
1077,Titus,Franco,Titus.Franco@amazon.com,(549) 343-3019
1078,Micaela,Peterson,Micaela.Peterson@amazon.com,(561) 337-2991
1079,Deanna,Hickman,Deanna.Hickman@amazon.com,(333) 520-2254
1080,Jaqueline,Reyes,Jaqueline.Reyes@amazon.com,(742) 585-4515
1081,Kamari,Hampton,Kamari.Hampton@amazon.com,(613) 283-2668
1082,Bobby,Dixon,Bobby.Dixon@amazon.com,(614) 274-3077
1083,Iris,Rivera,Iris.Rivera@amazon.com,(527) 757-6408
1084,Damon,Mcconnell,Damon.Mcconnell@amazon.com,(929) 370-7846
1085,Alexis,Mcfarland,Alexis.Mcfarland@amazon.com,(300) 247-8586
1086,Harry,Morse,Harry.Morse@amazon.com,(624) 531-8122
1087,Thalia,Church,Thalia.Church@amazon.com,(939) 803-5897
1088,Madden,Arias,Madden.Arias@amazon.com,(942) 921-0437
1089,Keaton,Foley,Keaton.Foley@amazon.com,(747) 530-7440
1090,Braxton,Henry,Braxton.Henry@amazon.com,(553) 491-3820
1091,Quinn,Barry,Quinn.Barry@amazon.com,(620) 549-0673
1092,Emilee,Tapia,Emilee.Tapia@amazon.com,(592) 585-0018
1093,Ariana,Jennings,Ariana.Jennings@amazon.com,(474) 738-8046
1094,Tabitha,Bentley,Tabitha.Bentley@amazon.com,(984) 606-8795
1095,Ronin,Crosby,Ronin.Crosby@amazon.com,(485) 884-5373
1096,Payton,Cooper,Payton.Cooper@amazon.com,(810) 936-2357
1097,Armani,Werner,Armani.Werner@amazon.com,(754) 721-6679
1098,Madeleine,Gentry,Madeleine.Gentry@amazon.com,(274) 829-3478
1099,Ryan,Padilla,Ryan.Padilla@amazon.com,(250) 580-2412
1100,Cedric,Gaines,Cedric.Gaines@amazon.com,(643) 243-1273
1101,Bruno,Dennis,Bruno.Dennis@amazon.com,(437) 886-1012
1102,Irvin,Soto,Irvin.Soto@amazon.com,(868) 591-0638
1103,Lexie,Mason,Lexie.Mason@amazon.com,(531) 822-0996
1104,Avah,Black,Avah.Black@amazon.com,(998) 384-7656
1105,Kason,Porter,Kason.Porter@amazon.com,(597) 576-6061
1106,Lia,Steele,Lia.Steele@amazon.com,(677) 385-8364
1107,Paulina,Howe,Paulina.Howe@amazon.com,(961) 876-3277
1108,Naima,Hughes,Naima.Hughes@amazon.com,(659) 529-0769
1109,Bernard,Lozano,Bernard.Lozano@amazon.com,(366) 905-3769
1110,Ayla,Jimenez,Ayla.Jimenez@amazon.com,(576) 422-9724
1111,Miranda,Hendricks,Miranda.Hendricks@amazon.com,(853) 384-7035
1112,Xavier,Russo,Xavier.Russo@amazon.com,(360) 815-6674
1113,Sabrina,Dodson,Sabrina.Dodson@amazon.com,(326) 829-8951
1114,Jamarion,Velez,Jamarion.Velez@amazon.com,(472) 803-8132
1115,Areli,Myers,Areli.Myers@amazon.com,(810) 781-4811
1116,Roman,Meadows,Roman.Meadows@amazon.com,(313) 945-2515
1117,Zachariah,Merritt,Zachariah.Merritt@amazon.com,(742) 743-2400
1118,Declan,Mullins,Declan.Mullins@amazon.com,(629) 211-4546
1119,Drew,Lewis,Drew.Lewis@amazon.com,(430) 292-5237
1120,Makenna,Simpson,Makenna.Simpson@amazon.com,(425) 355-7376
1121,Edgar,Simmons,Edgar.Simmons@amazon.com,(485) 801-1044
1122,Edith,Mercado,Edith.Mercado@amazon.com,(490) 876-4840
1123,Emmett,Hendricks,Emmett.Hendricks@amazon.com,(568) 364-6675
1124,Dominick,Bush,Dominick.Bush@amazon.com,(625) 492-3579
1125,Cooper,French,Cooper.French@amazon.com,(292) 570-7174
1126,Dayami,Espinoza,Dayami.Espinoza@amazon.com,(392) 832-5671
1127,Leonardo,Kelley,Leonardo.Kelley@amazon.com,(421) 248-7509
1128,Adrien,Macias,Adrien.Macias@amazon.com,(735) 595-3772
1129,Boston,Walton,Boston.Walton@amazon.com,(885) 766-7281
1130,Saul,Ponce,Saul.Ponce@amazon.com,(832) 824-3675
1131,Toby,Anderson,Toby.Anderson@amazon.com,(404) 882-5481
1132,Jaylen,Suarez,Jaylen.Suarez@amazon.com,(732) 254-7429
1133,Tiara,Marshall,Tiara.Marshall@amazon.com,(208) 591-3719
1134,Humberto,Simmons,Humberto.Simmons@amazon.com,(315) 612-3214
1135,Justus,Cross,Justus.Cross@amazon.com,(369) 669-0496
1136,Mariela,Cole,Mariela.Cole@amazon.com,(436) 894-0505
1137,Jaylene,Frey,Jaylene.Frey@amazon.com,(560) 398-3496
1138,Rowan,Brown,Rowan.Brown@amazon.com,(875) 701-4432
1139,Kiley,Valenzuela,Kiley.Valenzuela@amazon.com,(849) 310-4825
1140,Orion,Cox,Orion.Cox@amazon.com,(382) 494-7065
1141,Emma,Haynes,Emma.Haynes@amazon.com,(713) 375-7285
1142,Maggie,Christensen,Maggie.Christensen@amazon.com,(511) 947-9745
1143,Emmanuel,Hess,Emmanuel.Hess@amazon.com,(204) 590-9734
1144,Bryson,Hill,Bryson.Hill@amazon.com,(377) 636-9396
1145,Ellis,Roth,Ellis.Roth@amazon.com,(418) 480-4872
1146,Samuel,Guerra,Samuel.Guerra@amazon.com,(578) 840-2599
1147,Zachariah,Whitehead,Zachariah.Whitehead@amazon.com,(942) 375-5049
1148,Jett,Kemp,Jett.Kemp@amazon.com,(271) 446-3653
1149,Kyler,Duran,Kyler.Duran@amazon.com,(480) 408-1169
1150,Uriah,Huang,Uriah.Huang@amazon.com,(617) 232-3246
1151,Ricky,Cowan,Ricky.Cowan@amazon.com,(798) 855-6502
1152,Giovanni,Russell,Giovanni.Russell@amazon.com,(467) 889-8227
1153,Zayne,Johnston,Zayne.Johnston@amazon.com,(954) 831-2265
1154,Armani,Patrick,Armani.Patrick@amazon.com,(414) 479-3536
1155,Kasey,Hooper,Kasey.Hooper@amazon.com,(867) 639-5565
1156,Karli,Alexander,Karli.Alexander@amazon.com,(442) 255-0818
1157,Liana,Ferrell,Liana.Ferrell@amazon.com,(919) 909-7485
1158,Franco,Valencia,Franco.Valencia@amazon.com,(278) 750-0054
1159,Angel,Trevino,Angel.Trevino@amazon.com,(672) 702-6149
1160,Junior,Salazar,Junior.Salazar@amazon.com,(835) 861-9987
1161,Lena,Chen,Lena.Chen@amazon.com,(352) 284-6378
1162,Miracle,Ayers,Miracle.Ayers@amazon.com,(298) 654-7840
1163,Shayna,Lane,Shayna.Lane@amazon.com,(573) 879-4858
1164,Felicity,Kramer,Felicity.Kramer@amazon.com,(687) 258-6364
1165,Deanna,Bradshaw,Deanna.Bradshaw@amazon.com,(670) 532-5508
1166,Daniela,Mayer,Daniela.Mayer@amazon.com,(450) 825-8132
1167,Vaughn,Cunningham,Vaughn.Cunningham@amazon.com,(621) 531-5067
1168,Tess,Harding,Tess.Harding@amazon.com,(437) 755-4611
1169,Liberty,Conway,Liberty.Conway@amazon.com,(458) 891-0367
1170,Alexandra,Tran,Alexandra.Tran@amazon.com,(383) 848-3995
1171,Jovani,Morrow,Jovani.Morrow@amazon.com,(208) 482-4908
1172,Annie,Hester,Annie.Hester@amazon.com,(986) 756-5506
1173,Theodore,Wolfe,Theodore.Wolfe@amazon.com,(726) 499-8579
1174,Ellis,Brock,Ellis.Brock@amazon.com,(563) 973-4937
1175,Genesis,Woodward,Genesis.Woodward@amazon.com,(736) 583-7186
1176,Jada,Meadows,Jada.Meadows@amazon.com,(461) 442-3779
1177,Dashawn,Finley,Dashawn.Finley@amazon.com,(865) 937-0949
1178,Christian,Mcgrath,Christian.Mcgrath@amazon.com,(764) 916-4398
1179,Paula,Zhang,Paula.Zhang@amazon.com,(531) 637-8103
1180,Ahmad,Vargas,Ahmad.Vargas@amazon.com,(257) 915-8301
1181,Rowan,Gillespie,Rowan.Gillespie@amazon.com,(622) 309-6950
1182,Laila,Gibbs,Laila.Gibbs@amazon.com,(452) 671-7310
1183,Xzavier,Goodwin,Xzavier.Goodwin@amazon.com,(670) 722-4472
1184,Selena,Ferguson,Selena.Ferguson@amazon.com,(529) 820-3234
1185,Aubrie,Newman,Aubrie.Newman@amazon.com,(971) 318-4055
1186,Lance,Colon,Lance.Colon@amazon.com,(968) 594-6516
1187,Audrina,Golden,Audrina.Golden@amazon.com,(424) 853-3856
1188,Shaniya,Cobb,Shaniya.Cobb@amazon.com,(482) 711-5484
1189,Veronica,Roberson,Veronica.Roberson@amazon.com,(533) 666-5627
1190,Miriam,Kramer,Miriam.Kramer@amazon.com,(583) 773-2341
1191,Heidy,Raymond,Heidy.Raymond@amazon.com,(358) 219-6276
1192,Randall,Lynch,Randall.Lynch@amazon.com,(330) 649-9723
1193,Graham,Hill,Graham.Hill@amazon.com,(338) 701-8678
1194,Jamal,Murphy,Jamal.Murphy@amazon.com,(579) 351-9360
1195,Mckayla,Mullins,Mckayla.Mullins@amazon.com,(879) 409-9408
1196,Kiera,Benson,Kiera.Benson@amazon.com,(230) 710-2017
1197,Emerson,Mcneil,Emerson.Mcneil@amazon.com,(494) 732-1722
1198,Gabrielle,Gentry,Gabrielle.Gentry@amazon.com,(285) 269-4749
1199,Bo,Fitzpatrick,Bo.Fitzpatrick@amazon.com,(481) 498-1552
1200,Mikayla,Chen,Mikayla.Chen@amazon.com,(849) 972-8657
1201,Dalton,Carlson,Dalton.Carlson@amazon.com,(553) 438-6298
1202,Agustin,Carney,Agustin.Carney@amazon.com,(874) 397-0762
1203,Roberto,Harvey,Roberto.Harvey@amazon.com,(928) 381-2339
1204,Greyson,Small,Greyson.Small@amazon.com,(410) 709-9526
1205,Nash,Wheeler,Nash.Wheeler@amazon.com,(421) 709-4841
1206,Kaylah,Parker,Kaylah.Parker@amazon.com,(580) 706-6582
1207,Simon,Grant,Simon.Grant@amazon.com,(366) 470-8468
1208,Eddie,Gay,Eddie.Gay@amazon.com,(315) 367-4306
1209,Maribel,Christian,Maribel.Christian@amazon.com,(456) 788-4775
1210,Caroline,Jacobs,Caroline.Jacobs@amazon.com,(708) 468-8978
1211,Rodolfo,Mcguire,Rodolfo.Mcguire@amazon.com,(439) 751-3767
1212,Imani,Stanton,Imani.Stanton@amazon.com,(229) 946-6990
1213,Claudia,Benson,Claudia.Benson@amazon.com,(709) 699-3071
1214,Rowan,Curry,Rowan.Curry@amazon.com,(849) 765-4540
1215,Messiah,Perez,Messiah.Perez@amazon.com,(462) 417-0596
1216,Orion,Foley,Orion.Foley@amazon.com,(317) 451-5689
1217,Isaiah,Bright,Isaiah.Bright@amazon.com,(389) 694-4707
1218,Ian,Bowman,Ian.Bowman@amazon.com,(904) 312-1857
1219,Alexandria,Flynn,Alexandria.Flynn@amazon.com,(324) 572-7419
1220,Andreas,Rodgers,Andreas.Rodgers@amazon.com,(235) 390-6364
1221,Dashawn,Welch,Dashawn.Welch@amazon.com,(752) 575-7240
1222,Shyanne,Greer,Shyanne.Greer@amazon.com,(479) 486-8535
1223,Adeline,Pollard,Adeline.Pollard@amazon.com,(356) 636-2474
1224,Carl,Spence,Carl.Spence@amazon.com,(259) 235-4640
1225,Zayne,Khan,Zayne.Khan@amazon.com,(953) 968-8044
1226,Sloane,Lynch,Sloane.Lynch@amazon.com,(385) 941-1467
1227,Joe,Jordan,Joe.Jordan@amazon.com,(716) 928-2219
1228,Jaylen,Silva,Jaylen.Silva@amazon.com,(632) 732-0854
1229,Helen,Kelly,Helen.Kelly@amazon.com,(901) 752-1275
1230,Jovanny,Sanchez,Jovanny.Sanchez@amazon.com,(571) 913-7691
1231,Abigayle,Byrd,Abigayle.Byrd@amazon.com,(689) 932-9591
1232,Alfonso,Mcneil,Alfonso.Mcneil@amazon.com,(661) 289-0710
1233,Justin,Diaz,Justin.Diaz@amazon.com,(256) 221-0391
1234,Nash,Liu,Nash.Liu@amazon.com,(930) 459-1538
1235,Yasmin,Barrett,Yasmin.Barrett@amazon.com,(887) 752-4706
1236,Allie,Morrow,Allie.Morrow@amazon.com,(426) 609-5632
1237,Fiona,Richards,Fiona.Richards@amazon.com,(851) 295-4241
1238,Bridger,Kidd,Bridger.Kidd@amazon.com,(665) 286-2415
1239,Gemma,Stout,Gemma.Stout@amazon.com,(911) 946-5093
1240,Shawn,Nielsen,Shawn.Nielsen@amazon.com,(273) 984-0352
1241,Moises,Orr,Moises.Orr@amazon.com,(944) 839-1112
1242,Elle,Morrison,Elle.Morrison@amazon.com,(957) 555-1453
1243,Fatima,Woods,Fatima.Woods@amazon.com,(332) 904-4371
1244,Neveah,Holland,Neveah.Holland@amazon.com,(982) 865-4098
1245,Joy,Nixon,Joy.Nixon@amazon.com,(512) 938-4370
1246,Urijah,Avila,Urijah.Avila@amazon.com,(507) 687-2232
1247,Leslie,Mcintosh,Leslie.Mcintosh@amazon.com,(500) 594-1472
1248,Jaylan,Hunter,Jaylan.Hunter@amazon.com,(702) 550-2518
1249,Arely,Daniel,Arely.Daniel@amazon.com,(460) 389-8880
1250,Kelton,Weaver,Kelton.Weaver@amazon.com,(780) 355-3500
1251,Efrain,Fields,Efrain.Fields@amazon.com,(599) 394-9399
1252,Celeste,Stokes,Celeste.Stokes@amazon.com,(713) 710-7684
1253,Leonidas,Wiley,Leonidas.Wiley@amazon.com,(315) 321-6636
1254,Alessandra,Turner,Alessandra.Turner@amazon.com,(736) 523-2611
1255,Jensen,Prince,Jensen.Prince@amazon.com,(721) 691-1824
1256,Patricia,Aguilar,Patricia.Aguilar@amazon.com,(741) 324-0142
1257,Guadalupe,Holmes,Guadalupe.Holmes@amazon.com,(938) 879-9151
1258,Duncan,Sloan,Duncan.Sloan@amazon.com,(655) 964-4283
1259,Laurel,Guerrero,Laurel.Guerrero@amazon.com,(339) 275-2641
1260,Jaydon,Washington,Jaydon.Washington@amazon.com,(894) 242-0891
1261,Abril,Collins,Abril.Collins@amazon.com,(289) 356-2062
1262,Melina,Travis,Melina.Travis@amazon.com,(616) 789-0462
1263,Naima,Liu,Naima.Liu@amazon.com,(866) 888-3766
1264,Pierre,Lara,Pierre.Lara@amazon.com,(325) 388-0517
1265,Anne,Mendez,Anne.Mendez@amazon.com,(609) 769-5233
1266,Leon,Bauer,Leon.Bauer@amazon.com,(868) 296-9926
1267,Bronson,Blake,Bronson.Blake@amazon.com,(484) 857-2371
1268,Maxim,Boyer,Maxim.Boyer@amazon.com,(303) 956-0310
1269,Kylee,Ross,Kylee.Ross@amazon.com,(231) 744-8659
1270,Lia,Malone,Lia.Malone@amazon.com,(750) 407-5720
1271,Abraham,Lozano,Abraham.Lozano@amazon.com,(525) 804-5379
1272,Alonso,Velez,Alonso.Velez@amazon.com,(471) 302-3527
1273,Tamia,Mason,Tamia.Mason@amazon.com,(878) 813-9455
1274,Bailee,Greene,Bailee.Greene@amazon.com,(475) 860-3485
1275,Tabitha,Haley,Tabitha.Haley@amazon.com,(229) 949-1011
1276,Harper,Fletcher,Harper.Fletcher@amazon.com,(635) 748-4861
1277,Walter,Stokes,Walter.Stokes@amazon.com,(246) 697-4608
1278,Cristina,Henderson,Cristina.Henderson@amazon.com,(487) 449-8194
1279,Ayanna,Dorsey,Ayanna.Dorsey@amazon.com,(253) 641-6583
1280,Evangeline,Park,Evangeline.Park@amazon.com,(845) 352-5080
1281,Kathryn,Reid,Kathryn.Reid@amazon.com,(643) 317-8464
1282,Abbey,Stephens,Abbey.Stephens@amazon.com,(968) 420-1109
1283,Kristopher,Graham,Kristopher.Graham@amazon.com,(381) 211-9421
1284,Mariah,Zavala,Mariah.Zavala@amazon.com,(869) 210-4112
1285,Jonah,Shepherd,Jonah.Shepherd@amazon.com,(955) 983-5198
1286,Rafael,Vargas,Rafael.Vargas@amazon.com,(583) 633-6287
1287,Matthias,Gibbs,Matthias.Gibbs@amazon.com,(466) 438-9432
1288,Chaya,Odonnell,Chaya.Odonnell@amazon.com,(582) 588-1967
1289,Keenan,Mcbride,Keenan.Mcbride@amazon.com,(356) 851-4229
1290,Janet,Hooper,Janet.Hooper@amazon.com,(798) 646-0853
1291,Lewis,Yu,Lewis.Yu@amazon.com,(422) 244-8637
1292,Maddox,Archer,Maddox.Archer@amazon.com,(998) 716-7703
1293,Nayeli,Allison,Nayeli.Allison@amazon.com,(846) 938-3657
1294,Niko,Suarez,Niko.Suarez@amazon.com,(374) 426-3303
1295,Marlon,Logan,Marlon.Logan@amazon.com,(934) 373-5015
1296,Kierra,Gates,Kierra.Gates@amazon.com,(283) 711-8556
1297,Paige,Frank,Paige.Frank@amazon.com,(750) 758-6753
1298,Mara,Mckee,Mara.Mckee@amazon.com,(599) 792-6028
1299,Alonso,Newton,Alonso.Newton@amazon.com,(756) 955-0711
1300,Fisher,Thornton,Fisher.Thornton@amazon.com,(776) 661-9574
1301,Roselyn,Richard,Roselyn.Richard@amazon.com,(627) 233-6056
1302,Zechariah,Pacheco,Zechariah.Pacheco@amazon.com,(405) 709-7802
1303,Aarav,Vazquez,Aarav.Vazquez@amazon.com,(965) 674-1755
1304,Nia,Young,Nia.Young@amazon.com,(629) 816-1128
1305,Leslie,Hodge,Leslie.Hodge@amazon.com,(340) 494-1041
1306,Mayra,Leach,Mayra.Leach@amazon.com,(962) 977-6195
1307,Shyann,Roberson,Shyann.Roberson@amazon.com,(881) 558-7314
1308,Ricky,Collier,Ricky.Collier@amazon.com,(275) 709-7487
1309,Kaylee,Mccarty,Kaylee.Mccarty@amazon.com,(768) 671-5134
1310,Skye,Reid,Skye.Reid@amazon.com,(525) 880-4767
1311,Sidney,Stuart,Sidney.Stuart@amazon.com,(551) 683-4679
1312,Devan,Glover,Devan.Glover@amazon.com,(949) 513-5819
1313,Maddox,Chung,Maddox.Chung@amazon.com,(328) 446-0549
1314,Reuben,Newton,Reuben.Newton@amazon.com,(240) 926-9431
1315,Royce,Orozco,Royce.Orozco@amazon.com,(597) 759-3850
1316,Humberto,Waller,Humberto.Waller@amazon.com,(924) 457-2475
1317,Bentley,Bruce,Bentley.Bruce@amazon.com,(691) 417-1652
1318,Tristin,Christensen,Tristin.Christensen@amazon.com,(649) 876-2870
1319,Elizabeth,Lara,Elizabeth.Lara@amazon.com,(323) 941-7559
1320,Diya,Lambert,Diya.Lambert@amazon.com,(538) 273-1394
1321,Amber,Kim,Amber.Kim@amazon.com,(285) 325-0408
1322,Kennedi,Cherry,Kennedi.Cherry@amazon.com,(282) 949-2808
1323,Ashleigh,Alexander,Ashleigh.Alexander@amazon.com,(656) 628-4809
1324,Pedro,Carney,Pedro.Carney@amazon.com,(749) 379-3452
1325,Rylie,Lindsey,Rylie.Lindsey@amazon.com,(654) 798-8623
1326,Kolton,Higgins,Kolton.Higgins@amazon.com,(406) 854-0172
1327,Jorden,Miller,Jorden.Miller@amazon.com,(499) 656-3450
1328,Janiah,Cruz,Janiah.Cruz@amazon.com,(387) 466-7259
1329,Isabell,Patrick,Isabell.Patrick@amazon.com,(555) 562-1737
1330,Jerimiah,Brady,Jerimiah.Brady@amazon.com,(413) 827-4668
1331,Matilda,Wang,Matilda.Wang@amazon.com,(809) 945-2403
1332,Irene,Savage,Irene.Savage@amazon.com,(907) 345-0909
1333,Lia,Bruce,Lia.Bruce@amazon.com,(268) 922-4500
1334,Pierre,Cruz,Pierre.Cruz@amazon.com,(477) 200-8606
1335,Zechariah,Dillon,Zechariah.Dillon@amazon.com,(921) 499-0070
1336,Natalia,Trevino,Natalia.Trevino@amazon.com,(723) 740-3705
1337,Ayanna,Heath,Ayanna.Heath@amazon.com,(389) 954-4788
1338,Sara,Blackburn,Sara.Blackburn@amazon.com,(990) 890-2535
1339,Ariana,Woodard,Ariana.Woodard@amazon.com,(471) 533-4234
1340,Lilia,Curry,Lilia.Curry@amazon.com,(339) 570-1645
1341,Ayaan,Travis,Ayaan.Travis@amazon.com,(516) 465-9670
1342,Anne,Carter,Anne.Carter@amazon.com,(707) 947-9805
1343,Mariah,Nelson,Mariah.Nelson@amazon.com,(355) 209-7524
1344,Shawn,Merritt,Shawn.Merritt@amazon.com,(591) 263-2291
1345,Britney,Yates,Britney.Yates@amazon.com,(420) 748-3614
1346,Ricardo,Wallace,Ricardo.Wallace@amazon.com,(233) 325-6536
1347,Carmelo,Griffith,Carmelo.Griffith@amazon.com,(274) 563-9147
1348,Imani,Hawkins,Imani.Hawkins@amazon.com,(709) 566-4593
1349,Kasey,Green,Kasey.Green@amazon.com,(352) 276-8869
1350,Jadon,Diaz,Jadon.Diaz@amazon.com,(919) 262-6887
1351,Makenna,Romero,Makenna.Romero@amazon.com,(807) 840-9576
1352,Anastasia,Gordon,Anastasia.Gordon@amazon.com,(984) 862-5236
1353,Marcel,Lynch,Marcel.Lynch@amazon.com,(382) 317-1411
1354,Rogelio,Barnett,Rogelio.Barnett@amazon.com,(392) 505-7252
1355,Nikhil,Mccoy,Nikhil.Mccoy@amazon.com,(304) 800-0851
1356,Amy,Atkinson,Amy.Atkinson@amazon.com,(288) 926-2734
1357,Aisha,Hodge,Aisha.Hodge@amazon.com,(396) 425-7835
1358,Payton,Stone,Payton.Stone@amazon.com,(847) 493-8512
1359,Efrain,Pacheco,Efrain.Pacheco@amazon.com,(455) 454-0825
1360,Alyson,Hurst,Alyson.Hurst@amazon.com,(504) 886-4124
1361,Kenley,Ashley,Kenley.Ashley@amazon.com,(246) 388-3897
1362,Dayami,Travis,Dayami.Travis@amazon.com,(543) 257-2581
1363,Teresa,Wong,Teresa.Wong@amazon.com,(292) 470-7571
1364,Ava,Elliott,Ava.Elliott@amazon.com,(437) 349-7856
1365,Andres,Petty,Andres.Petty@amazon.com,(427) 880-6328
1366,Bruce,Mcclure,Bruce.Mcclure@amazon.com,(979) 779-6032
1367,Quinton,Harrell,Quinton.Harrell@amazon.com,(478) 949-0222
1368,Tamia,Randolph,Tamia.Randolph@amazon.com,(779) 679-6641
1369,Anabel,Burns,Anabel.Burns@amazon.com,(998) 407-1393
1370,Alan,Galloway,Alan.Galloway@amazon.com,(906) 793-9335
1371,Wyatt,Atkins,Wyatt.Atkins@amazon.com,(877) 925-0669
1372,Andreas,Montoya,Andreas.Montoya@amazon.com,(673) 459-3282
1373,Dylan,Barr,Dylan.Barr@amazon.com,(252) 414-9940
1374,Layton,Medina,Layton.Medina@amazon.com,(400) 773-2725
1375,Morgan,Casey,Morgan.Casey@amazon.com,(769) 848-1040
1376,Trevin,Estes,Trevin.Estes@amazon.com,(353) 813-8914
1377,Kelton,Henderson,Kelton.Henderson@amazon.com,(768) 992-4476
1378,Maribel,Cooper,Maribel.Cooper@amazon.com,(668) 871-1015
1379,Adan,Mullins,Adan.Mullins@amazon.com,(271) 210-1035
1380,Amari,Key,Amari.Key@amazon.com,(258) 709-9454
1381,Jennifer,Harmon,Jennifer.Harmon@amazon.com,(674) 582-2020
1382,Kendra,Rich,Kendra.Rich@amazon.com,(859) 895-6547
1383,Kamora,Dunlap,Kamora.Dunlap@amazon.com,(413) 975-1165
1384,Corbin,Petty,Corbin.Petty@amazon.com,(260) 530-0145
1385,Kole,Vasquez,Kole.Vasquez@amazon.com,(415) 867-6082
1386,Mariam,Proctor,Mariam.Proctor@amazon.com,(999) 976-6185
1387,Dania,Dennis,Dania.Dennis@amazon.com,(834) 980-1795
1388,Justin,Gordon,Justin.Gordon@amazon.com,(813) 366-5060
1389,Margaret,Gibbs,Margaret.Gibbs@amazon.com,(652) 865-8149
1390,Rey,Norris,Rey.Norris@amazon.com,(910) 239-5859
1391,Aidyn,Delacruz,Aidyn.Delacruz@amazon.com,(867) 872-3231
1392,Aracely,Knapp,Aracely.Knapp@amazon.com,(512) 901-3741
1393,Jewel,Mullins,Jewel.Mullins@amazon.com,(867) 292-7527
1394,Darrell,Page,Darrell.Page@amazon.com,(760) 789-3592
1395,Zachariah,Roth,Zachariah.Roth@amazon.com,(322) 315-0655
1396,Lizeth,Cervantes,Lizeth.Cervantes@amazon.com,(850) 285-1662
1397,Chad,Norman,Chad.Norman@amazon.com,(756) 863-6282
1398,Angela,Blankenship,Angela.Blankenship@amazon.com,(678) 859-1675
1399,Jazmyn,Fitzpatrick,Jazmyn.Fitzpatrick@amazon.com,(501) 233-2385
1400,Stephanie,Johnston,Stephanie.Johnston@amazon.com,(550) 747-3755
1401,Parker,Cruz,Parker.Cruz@amazon.com,(465) 681-6742
1402,Emerson,Arellano,Emerson.Arellano@amazon.com,(611) 619-7054
1403,Jayvion,Mcclain,Jayvion.Mcclain@amazon.com,(678) 602-2588
1404,Rafael,Sampson,Rafael.Sampson@amazon.com,(805) 966-6011
1405,Sadie,Potter,Sadie.Potter@amazon.com,(440) 746-9898
1406,Anderson,Harmon,Anderson.Harmon@amazon.com,(341) 875-2259
1407,Maren,Huynh,Maren.Huynh@amazon.com,(643) 782-5424
1408,Elliott,Chapman,Elliott.Chapman@amazon.com,(931) 465-7757
1409,Jocelyn,Pierce,Jocelyn.Pierce@amazon.com,(811) 415-7725
1410,Rex,Wiley,Rex.Wiley@amazon.com,(985) 939-9813
1411,Grant,Alexander,Grant.Alexander@amazon.com,(701) 934-5047
1412,Cole,Rasmussen,Cole.Rasmussen@amazon.com,(976) 806-0505
1413,Justice,Small,Justice.Small@amazon.com,(311) 545-4384
1414,Sabrina,Hinton,Sabrina.Hinton@amazon.com,(595) 515-2899
1415,Keagan,Tate,Keagan.Tate@amazon.com,(602) 444-2569
1416,Sanaa,Abbott,Sanaa.Abbott@amazon.com,(243) 918-3356
1417,Carissa,Hinton,Carissa.Hinton@amazon.com,(728) 993-9263
1418,Amy,Booth,Amy.Booth@amazon.com,(590) 242-4873
1419,Maleah,Hansen,Maleah.Hansen@amazon.com,(631) 820-8185
1420,Bailey,Henson,Bailey.Henson@amazon.com,(282) 833-6599
1421,Jaiden,Osborne,Jaiden.Osborne@amazon.com,(210) 962-0622
1422,Mylie,Hutchinson,Mylie.Hutchinson@amazon.com,(322) 464-3878
1423,Tommy,Miranda,Tommy.Miranda@amazon.com,(950) 660-6842
1424,Casey,Swanson,Casey.Swanson@amazon.com,(565) 251-5210
1425,Taniyah,Pineda,Taniyah.Pineda@amazon.com,(625) 845-6614
1426,Selena,Barrett,Selena.Barrett@amazon.com,(340) 267-0361
1427,Bennett,Erickson,Bennett.Erickson@amazon.com,(641) 463-6841
1428,Melany,Lane,Melany.Lane@amazon.com,(631) 757-1355
1429,Abdiel,Campos,Abdiel.Campos@amazon.com,(238) 680-7275
1430,Kamila,Madden,Kamila.Madden@amazon.com,(562) 685-3238
1431,Kaitlyn,Price,Kaitlyn.Price@amazon.com,(851) 827-8259
1432,Melany,Morse,Melany.Morse@amazon.com,(666) 450-9837
1433,Enzo,Petersen,Enzo.Petersen@amazon.com,(504) 383-7251
1434,Anaya,Ayala,Anaya.Ayala@amazon.com,(373) 776-0067
1435,Ashleigh,Horn,Ashleigh.Horn@amazon.com,(327) 666-0358
1436,Ben,Nichols,Ben.Nichols@amazon.com,(746) 850-7709
1437,Camille,House,Camille.House@amazon.com,(524) 202-8252
1438,Greta,Braun,Greta.Braun@amazon.com,(391) 283-2665
1439,Julianna,Mosley,Julianna.Mosley@amazon.com,(533) 528-3299
1440,Lillianna,Baxter,Lillianna.Baxter@amazon.com,(543) 339-7037
1441,Laurel,Arias,Laurel.Arias@amazon.com,(412) 769-1279
1442,Dillon,Mccormick,Dillon.Mccormick@amazon.com,(354) 699-3342
1443,Mina,Mckinney,Mina.Mckinney@amazon.com,(723) 964-2363
1444,Erik,Rosario,Erik.Rosario@amazon.com,(314) 255-1054
1445,Jaiden,Spence,Jaiden.Spence@amazon.com,(771) 920-8322
1446,Malaki,Dennis,Malaki.Dennis@amazon.com,(867) 902-9807
1447,Emilia,Vaughan,Emilia.Vaughan@amazon.com,(869) 837-7304
1448,Reed,Ferrell,Reed.Ferrell@amazon.com,(975) 525-8360
1449,Brody,Cunningham,Brody.Cunningham@amazon.com,(673) 560-4814
1450,Sincere,Baxter,Sincere.Baxter@amazon.com,(219) 891-5370
1451,Mateo,Reeves,Mateo.Reeves@amazon.com,(862) 855-1709
1452,Semaj,Mccormick,Semaj.Mccormick@amazon.com,(644) 768-7856
1453,Soren,Guzman,Soren.Guzman@amazon.com,(449) 802-2584
1454,Darrell,Owen,Darrell.Owen@amazon.com,(977) 376-4947
1455,Kaylah,Nelson,Kaylah.Nelson@amazon.com,(386) 866-6793
1456,Jacey,Macdonald,Jacey.Macdonald@amazon.com,(570) 983-3200
1457,Erick,Hammond,Erick.Hammond@amazon.com,(471) 876-0118
1458,Alana,Clayton,Alana.Clayton@amazon.com,(716) 629-8524
1459,Reid,Caldwell,Reid.Caldwell@amazon.com,(846) 752-2712
1460,Nehemiah,Foley,Nehemiah.Foley@amazon.com,(439) 856-1842
1461,Emmanuel,Proctor,Emmanuel.Proctor@amazon.com,(372) 606-5091
1462,Sidney,Hess,Sidney.Hess@amazon.com,(617) 888-2257
1463,Damaris,Hayden,Damaris.Hayden@amazon.com,(544) 686-5746
1464,Messiah,Greer,Messiah.Greer@amazon.com,(317) 859-7974
1465,Rose,Barr,Rose.Barr@amazon.com,(624) 766-3462
1466,Leyla,Curry,Leyla.Curry@amazon.com,(795) 452-9225
1467,Everett,Oneill,Everett.Oneill@amazon.com,(936) 228-1968
1468,Delilah,Snyder,Delilah.Snyder@amazon.com,(538) 945-0631
1469,Zariah,Fuentes,Zariah.Fuentes@amazon.com,(984) 408-4348
1470,Jayvion,Dunlap,Jayvion.Dunlap@amazon.com,(404) 448-3406
1471,Elvis,Burgess,Elvis.Burgess@amazon.com,(307) 349-9845
1472,Cash,Branch,Cash.Branch@amazon.com,(287) 509-3048
1473,Darnell,Yang,Darnell.Yang@amazon.com,(884) 729-4360
1474,Ayaan,Sparks,Ayaan.Sparks@amazon.com,(685) 265-8562
1475,Cael,Olson,Cael.Olson@amazon.com,(816) 740-1317
1476,Chaya,Frey,Chaya.Frey@amazon.com,(269) 807-0394
1477,Bentley,Cross,Bentley.Cross@amazon.com,(333) 633-6062
1478,Angeline,Petersen,Angeline.Petersen@amazon.com,(708) 514-7481
1479,Kathryn,Robbins,Kathryn.Robbins@amazon.com,(479) 246-2335
1480,Rosemary,Floyd,Rosemary.Floyd@amazon.com,(611) 906-9972
1481,Kiera,Pittman,Kiera.Pittman@amazon.com,(365) 550-9991
1482,Devin,Roach,Devin.Roach@amazon.com,(983) 779-6937
1483,Clarissa,Sullivan,Clarissa.Sullivan@amazon.com,(295) 267-5177
1484,Tania,Foley,Tania.Foley@amazon.com,(735) 233-2299
1485,Isaiah,Tucker,Isaiah.Tucker@amazon.com,(856) 489-7624
1486,Grant,Padilla,Grant.Padilla@amazon.com,(756) 866-1197
1487,Moses,Olson,Moses.Olson@amazon.com,(964) 669-4867
1488,Arthur,Burnett,Arthur.Burnett@amazon.com,(225) 789-1662
1489,Elisha,Wong,Elisha.Wong@amazon.com,(688) 653-0018
1490,Adonis,Mullen,Adonis.Mullen@amazon.com,(415) 284-1911
1491,Nathanael,Duncan,Nathanael.Duncan@amazon.com,(916) 644-9810
1492,Melany,Savage,Melany.Savage@amazon.com,(339) 357-4572
1493,Marvin,Casey,Marvin.Casey@amazon.com,(592) 798-3194
1494,Cassie,Estrada,Cassie.Estrada@amazon.com,(305) 494-5537
1495,Kayla,Bell,Kayla.Bell@amazon.com,(542) 333-3064
1496,Nelson,Sosa,Nelson.Sosa@amazon.com,(775) 595-3134
1497,Dalton,Melendez,Dalton.Melendez@amazon.com,(418) 315-9231
1498,Mckenzie,York,Mckenzie.York@amazon.com,(237) 959-3222
1499,Darryl,Luna,Darryl.Luna@amazon.com,(384) 593-7541
1500,Maci,Wiggins,Maci.Wiggins@amazon.com,(532) 810-2559